layer,content_minus_function,ci_low,ci_high,documents,ci_excludes_zero,permutation_p_value,fdr_q_value,fdr_significant_0.05,metric
0,0.007836443693595575,0.0033887607568764203,0.011697252644943514,8,True,0.0234375,0.046875,True,remote_middle_mass
1,0.00010072153643751053,-0.006267998119437177,0.006166475776940045,8,False,0.984375,0.984375,False,remote_middle_mass
2,0.009788585320150964,0.00038515256704891253,0.020061888760405006,8,True,0.109375,0.18229166666666666,False,remote_middle_mass
4,0.000258472571169073,-0.0055945572960190175,0.007402246659305005,8,False,0.9765625,0.984375,False,remote_middle_mass
8,0.003646880805855332,-0.0008223076448162035,0.009027056851628133,8,False,0.234375,0.322265625,False,remote_middle_mass
12,0.009751411728953087,0.004351016427791879,0.014436999896632616,8,True,0.015625,0.046875,True,remote_middle_mass
16,0.009779957752862535,0.0025795058611341147,0.018071783010347578,8,True,0.0234375,0.046875,True,remote_middle_mass
20,0.006126253207670233,-0.002909402528500124,0.014502676382235402,8,False,0.2578125,0.322265625,False,remote_middle_mass
24,-0.02018867167162178,-0.026725967134219694,-0.013776781171403336,8,True,0.0078125,0.0390625,True,remote_middle_mass
27,-0.037397268251605706,-0.045000444368398666,-0.030776763869548383,8,True,0.0078125,0.0390625,True,remote_middle_mass
0,-0.004185137351861656,-0.006996412520100876,-0.0005778564559497755,8,True,0.0546875,0.109375,False,remote_top1_fraction
1,-0.00149843623073782,-0.0028898491592836036,-0.00047409264853031513,8,True,0.015625,0.078125,False,remote_top1_fraction
2,-0.0020670275474721205,-0.004164779623328238,0.00011990776184873236,8,False,0.1171875,0.16741071428571427,False,remote_top1_fraction
4,-0.003626100442360662,-0.008969708764492707,0.001641101406527727,8,False,0.2734375,0.3038194444444444,False,remote_top1_fraction
8,-0.008637761392795162,-0.01451619027696563,-0.0025562084862767974,8,True,0.0390625,0.09765625,False,remote_top1_fraction
12,-0.010359172172875995,-0.015758677651729745,-0.004916943848403396,8,True,0.015625,0.078125,False,remote_top1_fraction
16,-0.023127144218621488,-0.04746063882560386,-0.0021914467753708115,8,True,0.1015625,0.16741071428571427,False,remote_top1_fraction
20,-0.0020981360374503003,-0.019726147362969758,0.014113152189226971,8,False,0.8203125,0.8203125,False,remote_top1_fraction
24,0.002185630935130037,-0.00031039987017126484,0.004543120342942514,8,False,0.140625,0.17578125,False,remote_top1_fraction
27,-0.0055873615470073325,-0.009060200721076453,-0.0018433396799009,8,True,0.03125,0.09765625,False,remote_top1_fraction
0,-0.008587379866172036,-0.012049294049714852,-0.004337364373508618,8,True,0.015625,0.125,False,remote_top4_fraction
1,-0.0005459639735792415,-0.001994960385800479,0.0007072090275291043,8,False,0.5078125,0.5078125,False,remote_top4_fraction
2,-0.005243554044984906,-0.00996999378138653,-0.0006265404332294983,8,True,0.0625,0.125,False,remote_top4_fraction
4,-0.0035302741445351685,-0.010798135901620931,0.003414246176562892,8,False,0.3828125,0.4253472222222222,False,remote_top4_fraction
8,-0.008840346803291599,-0.01561141112921826,-0.001818467006554464,8,True,0.0625,0.125,False,remote_top4_fraction
12,-0.008854369063871471,-0.013645669001090766,-0.003809692781311609,8,True,0.03125,0.125,False,remote_top4_fraction
16,-0.017663060851862193,-0.03684752931283865,-0.0002908529809353966,8,True,0.1328125,0.22135416666666666,False,remote_top4_fraction
20,-0.006303134758729331,-0.01837148101413455,0.005060065322142923,8,False,0.359375,0.4253472222222222,False,remote_top4_fraction
24,0.004260944614874487,0.0010504317471609838,0.007377611322622667,8,True,0.0546875,0.125,False,remote_top4_fraction
27,-0.0034053316410371653,-0.009331984112243397,0.0028294259021885808,8,False,0.3359375,0.4253472222222222,False,remote_top4_fraction
0,0.0022647294117787813,-0.0004165164165020255,0.004866958168898165,8,False,0.171875,0.34375,False,remote_top8_mass
1,0.000766118239466651,-0.0010146878856209368,0.002456647564179136,8,False,0.4375,0.625,False,remote_top8_mass
2,0.0030854654206160636,0.00012042689953134511,0.005875332556910548,8,True,0.1171875,0.34375,False,remote_top8_mass
4,-0.0010304456485970156,-0.004018630650281404,0.0023429856904331288,8,False,0.5625,0.625,False,remote_top8_mass
8,-0.0007543458549795524,-0.004408981681272038,0.0028094227236434254,8,False,0.6953125,0.6953125,False,remote_top8_mass
12,0.00268067410950972,-0.0011442113956641412,0.0059550365493129444,8,False,0.234375,0.390625,False,remote_top8_mass
16,0.0036453339132937346,-0.0037753379648169712,0.012318356412373378,8,False,0.5078125,0.625,False,remote_top8_mass
20,0.004657018441247621,-0.0016214532403631206,0.0098061723206195,8,False,0.171875,0.34375,False,remote_top8_mass
24,-0.004326593251546049,-0.006520689197527509,-0.002104862769630909,8,True,0.0234375,0.15625,False,remote_top8_mass
27,-0.007730643931327176,-0.012408947247663314,-0.002467218584646636,8,True,0.03125,0.15625,False,remote_top8_mass
0,0.02767077526929157,0.010456810709184857,0.04136382001203252,8,True,0.03125,0.109375,False,remote_entropy
1,-9.611432002032405e-05,-0.0065944371748378906,0.0064316665717125,8,False,0.9921875,0.9921875,False,remote_entropy
2,0.020363884757162,0.004369319848348652,0.036817926763244996,8,True,0.0546875,0.109375,False,remote_entropy
4,0.014933489362256913,-0.012938736566626141,0.04330663534703274,8,False,0.3671875,0.458984375,False,remote_entropy
8,0.034105206945577726,0.006615906170082876,0.060397623713410196,8,True,0.0546875,0.109375,False,remote_entropy
12,0.04146273108117815,0.019171612647065794,0.062131742061584894,8,True,0.0234375,0.109375,False,remote_entropy
16,0.09027869034741873,0.0030427115261766335,0.1910917699318288,8,True,0.1328125,0.22135416666666666,False,remote_entropy
20,0.026159853553210544,-0.032415259553532194,0.08697484677194187,8,False,0.4453125,0.4947916666666667,False,remote_entropy
24,-0.015077620536023906,-0.027543684268853525,-0.003176862121500812,8,True,0.0546875,0.109375,False,remote_entropy
27,0.019539960116954636,-0.0029424143903880244,0.041091919188399106,8,False,0.15625,0.22321428571428573,False,remote_entropy
0,0.9483801713282238,0.44731092313671894,1.343676632771131,8,True,0.015625,0.078125,False,remote_effective_blocks
1,-0.02285701904714621,-0.33764861543957886,0.2937666183099159,8,False,0.921875,0.921875,False,remote_effective_blocks
2,0.7508436790257491,0.04710939182968765,1.4720327433586868,8,True,0.1015625,0.21875,False,remote_effective_blocks
4,0.21776571081761542,-0.5736441758541293,1.0624508368355334,8,False,0.65625,0.7291666666666666,False,remote_effective_blocks
8,0.6800588123025753,-0.03529247473144104,1.2871680905184792,8,False,0.109375,0.21875,False,remote_effective_blocks
12,0.9551600651602072,0.4926497603938338,1.4320465112781333,8,True,0.015625,0.078125,False,remote_effective_blocks
16,1.1303880548199634,-0.1184600765089967,2.437546324713958,8,False,0.15625,0.2604166666666667,False,remote_effective_blocks
20,0.3773686594554704,-0.4186959057051138,1.1809970589857748,8,False,0.40625,0.5078125,False,remote_effective_blocks
24,-0.7480418241655187,-1.2343189617142483,-0.22329952444343074,8,True,0.0546875,0.18229166666666666,False,remote_effective_blocks
27,-0.5122105441247529,-1.4684987807428493,0.4261859450090538,8,False,0.3359375,0.4799107142857143,False,remote_effective_blocks
