context_length,layer,prefix_size,attention_mass_mean,attention_mass_median,attention_mass_max,concentration_mean,heads_above_10x_uniform,contribution_norm_ratio_mean,documents,queries
16384,0,1,5.054632147727389e-06,7.304976282901388e-08,8.925388114988664e-05,0.08265475714142667,0.0009765625436557457,1.9891170262020808e-05,8,512
16384,0,4,1.648400059206523e-05,4.4566605193752107e-07,0.00021032109691532241,0.0673798079842527,0.00013950893480796367,4.6402238949028174e-05,8,512
16384,0,16,8.451656744767888e-05,2.8740376062930117e-06,0.0008662260533753852,0.08636638685129583,0.0,0.00014349015076930982,8,512
16384,0,64,0.0002748040041922195,1.190402841638738e-05,0.002452881692875053,0.0702126438736741,0.0,0.00037267912031779815,8,512
16384,0,128,0.0005444305510593495,2.1529017001087336e-05,0.0045907512737812795,0.0695489448880835,0.0,0.0006598063422416089,8,512
16384,1,1,0.00011535139875107348,1.9279298415775248e-06,0.0020941099032256716,1.8862436355557293,0.05350167657161364,0.00038276875370968355,8,512
16384,1,4,0.00031093627995915085,1.1429666407103412e-05,0.00476010288798534,1.2710823130910285,0.026506697628065012,0.0008297863177517684,8,512
16384,1,16,0.0009022335134432069,5.2994109588588856e-05,0.00958285210390386,0.9220101278624497,0.012276786263100803,0.0016532491561065399,8,512
16384,1,64,0.002669149676194138,0.00019570908771715523,0.02361944135009253,0.6819932362413965,0.0019531250873114914,0.003945967722529531,8,512
16384,1,128,0.004335901232479955,0.0003521987657961745,0.03864890336262761,0.5539213105803356,0.0005580357392318547,0.005723781616325141,8,512
16384,2,1,0.0010244397128076344,0.0002812612843001716,0.008997213552447647,16.75244947709143,0.32777624305163044,0.003477424543120833,8,512
16384,2,4,0.0016852216299980682,0.000603278210235203,0.01314942024055199,6.889563855947927,0.16210938226868166,0.005165429040516756,8,512
16384,2,16,0.005332914851578607,0.0016818060316836636,0.04326434337963292,5.450598901603371,0.14362444884318393,0.010059163745154365,8,512
16384,2,64,0.008742364435420313,0.003551612182604913,0.0595234922675445,2.233807402662933,0.043805805791635066,0.01438362821136252,8,512
16384,2,128,0.011589370490128204,0.0057088350687308775,0.06712864516157424,1.4806154210236855,0.013392857785220258,0.01711498674330869,8,512
16384,4,1,0.5236809724010527,0.5433931065199431,0.8976917818654329,8562.875276565552,0.999651227844879,0.5579538992606103,8,512
16384,4,4,0.589030748931691,0.6144879945204593,0.9807088014204055,2407.865702867508,0.9990234379656613,0.626116783823818,8,512
16384,4,16,0.5899804114014842,0.6159759461006615,0.980888836318627,602.9369518756866,0.993164065759629,0.6254563113616314,8,512
16384,4,64,0.5920263122534379,0.6182596606959123,0.9814281876897439,151.25704218447208,0.9735630701761693,0.6232613791071344,8,512
16384,4,128,0.5932685434236191,0.6195272265176754,0.9819370547775179,75.78723656386137,0.9481027005240321,0.6214788530487567,8,512
16384,8,1,0.4033830259286333,0.3780326685955515,0.8073009233921766,6595.978322029114,0.9995117189828306,0.4003362958173966,8,512
16384,8,4,0.4463467029854655,0.4202483674744144,0.8845491709653288,1824.6432242393494,0.9987444202415645,0.44419759331503883,8,512
16384,8,16,0.4468549389275722,0.42072374434792437,0.8846936974441633,456.68026757240295,0.9932338201906532,0.44376264480524696,8,512
16384,8,64,0.44840281369397417,0.42215756032965146,0.8850097670219839,114.56555742025375,0.968889523181133,0.44301125782658346,8,512
16384,8,128,0.44975417241221294,0.4233075322699733,0.8852749518118799,57.455424182116985,0.9281529310392216,0.4424599525227677,8,512
16384,12,1,0.24649006128311157,0.20521572149300482,0.6447540651424788,4030.441716194153,0.9986049113795161,0.24661614259093767,8,512
16384,12,4,0.27757694049796555,0.2336774477371364,0.7123008854105137,1134.704426765442,0.9964425240177661,0.2786905877146637,8,512
16384,12,16,0.27767220919486135,0.233785916447232,0.7123228998389095,283.7734748721123,0.9805385124636814,0.27864256090833806,8,512
16384,12,64,0.2782686169084627,0.23457440205675084,0.712477920926176,71.09575244784355,0.9044364142464474,0.2783676488616038,8,512
16384,12,128,0.27892750086903106,0.23545301971171284,0.7125795211759396,35.6320424862206,0.8157087449799292,0.2780964127596235,8,512
16384,16,1,0.17172262727399357,0.1297753812468727,0.498040487524122,2807.967983484268,0.9966517873108387,0.14961411246622447,8,512
16384,16,4,0.20117829271475784,0.1566704783399473,0.5592742753215134,822.4179759919643,0.9822126197395846,0.17678170928411419,8,512
16384,16,16,0.20122021568386117,0.15673178917131736,0.5592941814102232,205.64734102785587,0.93373328296002,0.17677254474256188,8,512
16384,16,64,0.2015309721828089,0.1572912394804007,0.5594199962506536,51.491235146299005,0.7991769312066026,0.1767706374739646,8,512
16384,16,128,0.20194599170645233,0.15792258905275958,0.5595796853885986,25.798635125160217,0.6594587343279272,0.17683330870204372,8,512
16384,20,1,0.2175635429302929,0.1801559883315349,0.6001231790869497,3557.6465244293213,0.9983956480864435,0.17085533243516693,8,512
16384,20,4,0.25376479609985836,0.21578398584824754,0.6680976078787353,1037.4140549898148,0.992815293604508,0.2039237810531631,8,512
16384,20,16,0.2538153580680955,0.21585090094595216,0.6681422943656798,259.4051968604326,0.9693778032669798,0.20390699493145803,8,512
16384,20,64,0.25422701027127914,0.21635592776874546,0.6684753969020676,64.95648880302906,0.8744419936556369,0.20384853237919742,8,512
16384,20,128,0.2546929946547607,0.21690269210375845,0.668715865642298,32.537775775417686,0.7524414366926067,0.20379754406167194,8,512
16384,24,1,0.4115147453849204,0.3829845449363347,0.8610576954088174,6729.013886928558,0.9983258936554193,0.3583874861651566,8,512
16384,24,4,0.4654917484440375,0.44282525923335925,0.9423296626191586,1902.9136950969696,0.9957449797075242,0.4073819965997245,8,512
16384,24,16,0.46566305818851106,0.44298785024147946,0.9424073215341195,475.90351298451424,0.9815848300931975,0.40741589647950605,8,512
16384,24,64,0.46663150141830556,0.44407165731536224,0.9426994766108692,119.22334466129541,0.9242466803407297,0.40766993767465465,8,512
16384,24,128,0.4676030717382673,0.444971803604858,0.9429366299882531,59.73580079898238,0.8646763757569715,0.4079164524155203,8,512
16384,27,1,0.13264766418433283,0.14436760861099174,0.3088399070693413,2169.1214528679848,0.7498605505097657,0.08438526216468745,8,512
16384,27,4,0.15824515658641758,0.17134707127297588,0.364146734624228,646.9418337345123,0.7495117780053988,0.10174081236982602,8,512
16384,27,16,0.15849909193821077,0.17164317156129982,0.3644286235066829,161.99501590803266,0.7429548552026972,0.10203042421198916,8,512
16384,27,64,0.15984938287874684,0.17340470546150755,0.3665562140085967,40.84379484690726,0.6715262708457885,0.10351554866610968,8,512
16384,27,128,0.16122063491275185,0.17506044404944987,0.36897591325396206,20.597085274290293,0.555524586357933,0.10466088428256626,8,512
24576,0,1,2.0419584092268295e-05,2.740467259596674e-07,0.0004019888362662982,0.5011449332669144,0.005580357399594504,5.6360131061694574e-05,8,512
24576,0,4,5.64858857465822e-05,1.4072954330618392e-06,0.0008631061876087642,0.3465734899509698,0.004115513576834928,0.00010982436090500869,8,512
24576,0,16,0.0002014366980063187,7.143969053269306e-06,0.0022792919688185975,0.3089958037453471,0.001255580413271673,0.0002702102420499841,8,512
24576,0,64,0.0007547192091124089,2.7286556666616946e-05,0.007927401411052415,0.28940907384094317,0.0003487723370199092,0.0008733147623729565,8,512
24576,0,128,0.0016191553863791341,4.942213391423422e-05,0.016823564176775108,0.3104698243259918,6.975446740398183e-05,0.001786532076266667,8,512
24576,1,1,7.55498879918548e-05,1.399952066329438e-06,0.0014098557917066046,1.8540478456416167,0.03257533635041909,0.00022718587069192608,8,512
24576,1,4,0.0002389946587939562,1.363299937930107e-05,0.004185265983323916,1.466190978884697,0.024135045750881545,0.0006385757453983842,8,512
24576,1,16,0.0006296986385052605,7.697431567521562e-05,0.008283835895781522,0.9657784808659926,0.012695313067524694,0.0012949550985581482,8,512
24576,1,64,0.0019026577000431644,0.0003733557160146006,0.018185608876592596,0.7296712638926692,0.006417411001166329,0.003126996648916247,8,512
24576,1,128,0.0028741620767505083,0.0006655308518901393,0.022584372630262806,0.5511350727174431,0.0015345982828876004,0.004161884146697048,8,512
24576,2,1,0.0003086048345153358,0.00010682989701216172,0.0025874768499534184,7.574181758100167,0.17445592315198155,0.001137544415598768,8,512
24576,2,4,0.0005432347572167373,0.0002126448704871109,0.004129012388148112,3.3331242876593024,0.05859375292493496,0.0017669833759157427,8,512
24576,2,16,0.0017294489552455161,0.0006771406119980838,0.010605928438053525,2.652840768569149,0.04910714526340598,0.003436132688989346,8,512
24576,2,64,0.003591201669905786,0.0016339875382982427,0.019548742860934,1.3771901446161792,0.01339285780704813,0.0059036325346824015,8,512
24576,2,128,0.004974395072167681,0.002476834018182217,0.02534999524414161,0.953837150358595,0.0047433038271265104,0.007465846679679089,8,512
24576,4,1,0.5192392010067124,0.5451915853773244,0.8759927073842846,12743.99026298523,1.0,0.5504325698420871,8,512
24576,4,4,0.584293286956381,0.6157452902989462,0.9586428176844493,3585.1609988212585,0.9995814734138548,0.6200003636768088,8,512
24576,4,16,0.5850365698570386,0.6171143812243827,0.9591218428686261,897.4304995536804,0.9968610506039113,0.6197774179745466,8,512
24576,4,64,0.5863840839010663,0.6184222679585218,0.9608324366854504,224.87436565756798,0.9814453213475645,0.6171785104670562,8,512
24576,4,128,0.5875909540336579,0.6196211749920622,0.9617825176101178,112.66860507428646,0.9639369584619999,0.6153668290935457,8,512
24576,8,1,0.3963426133268513,0.3688956102123484,0.8057908486225642,9727.653553009033,0.9999302455689758,0.38752470951294526,8,512
24576,8,4,0.4417391564347781,0.4157022765430156,0.8817972897086293,2710.459883213043,0.999651227844879,0.43233897231402807,8,512
24576,8,16,0.44192464678781107,0.41589578840648755,0.8818542292574421,677.8995171189308,0.9965122784487903,0.432168602157617,8,512
24576,8,64,0.4426115913374815,0.41657303596730344,0.8820376934017986,169.73833368718624,0.9764230023138225,0.43176673285779543,8,512
24576,8,128,0.4433413792576175,0.41734603309305385,0.8822732213884592,85.00909920781851,0.9488002459984273,0.4312900130462367,8,512
24576,12,1,0.23884102834563237,0.19885080032690894,0.6321741118154023,5861.908002138138,0.9993722101207823,0.23968103916558903,8,512
24576,12,4,0.27424615233030636,0.23305367650755215,0.6986263187136501,1682.7125425934792,0.9972795771900564,0.275021307359566,8,512
24576,12,16,0.2742920887976652,0.2331211015844019,0.6986430039978586,420.7485970854759,0.9866769034415483,0.2749948528871755,8,512
24576,12,64,0.27460513974074274,0.23357102592126466,0.6987200133153237,105.30720457062125,0.9287109632277861,0.2748955962670152,8,512
24576,12,128,0.27493752003647387,0.23406873024941888,0.6988047200138681,52.7173337880522,0.8593052822398022,0.27480603413278004,8,512
24576,16,1,0.13048768373846542,0.08326869135817105,0.4487592639197828,3202.5743272304535,0.9918387315701693,0.11087039585254388,8,512
24576,16,4,0.15492337732575834,0.10610085358894139,0.5006782544660382,950.5618942677975,0.9695173127111048,0.13229425684403395,8,512
24576,16,16,0.15495949942123843,0.10614748109037464,0.5007150628662203,237.6958823055029,0.9103655413491651,0.13228465113206767,8,512
24576,16,64,0.15535523252765415,0.10674565904628253,0.5009368204046041,59.575723718851805,0.770996124134399,0.13235596025879204,8,512
24576,16,128,0.15583646163577214,0.10724616997140402,0.5012291569728404,29.880135035142303,0.6500418815412559,0.13240729366225423,8,512
24576,20,1,0.18187658731767442,0.14062474370075506,0.5770487852860242,4463.832959413528,0.9975585949141532,0.14053661680372898,8,512
24576,20,4,0.21347105338645633,0.17205694932999904,0.6364656444056891,1309.8092859983444,0.9905133973807096,0.1682334519282449,8,512
24576,20,16,0.21351944745401852,0.172099360734137,0.6366555772838183,327.52654084563255,0.965401800815016,0.16820370953064412,8,512
24576,20,64,0.2139740064740181,0.17241303254922968,0.6380807457026094,82.0559556260705,0.8763253670185804,0.16807110091031063,8,512
24576,20,128,0.21450462278153282,0.17296541067844373,0.6387861238908954,41.1297273915261,0.7765067295986228,0.16811042901099427,8,512
24576,24,1,0.3949588380928617,0.35403872054303065,0.8543057458009571,9693.696477890015,0.9987444202415645,0.34803588534123264,8,512
24576,24,4,0.45252080299542286,0.41923465457512066,0.9361416887259111,2776.613746881485,0.9966517873108387,0.40302886147401296,8,512
24576,24,16,0.4526462311623618,0.4193594024545746,0.9361882058437914,694.3458288311958,0.983677462907508,0.4030650079366751,8,512
24576,24,64,0.4534706009144429,0.4204007339285454,0.9364402028732002,173.9026209563017,0.9332450032234192,0.4033730667142663,8,512
24576,24,128,0.45432525320211425,0.4213518149626907,0.9367486694827676,87.11520679295063,0.8824637617217377,0.4037688788084779,8,512
24576,27,1,0.11597548772351729,0.12704724519062438,0.2840560509430361,2846.45752376318,0.7499303050572053,0.07996465833912225,8,512
24576,27,4,0.14952715118579363,0.16767003435825245,0.3427726780064404,917.4715237393975,0.7485352148069069,0.1075570248931399,8,512
24576,27,16,0.14975683687407582,0.16794332349491015,0.3430754158544005,229.72019060514867,0.7340262825600803,0.10771514131783988,8,512
24576,27,64,0.15097565351970843,0.16944544096941172,0.34489113983727293,57.89748517842963,0.632324260295718,0.10880395306230639,8,512
24576,27,128,0.15228817317984067,0.1711530546817812,0.3467845309423865,29.200441415887326,0.5194615282889572,0.10981573149092583,8,512
32768,0,1,4.230926031634219e-06,3.645136099267703e-09,0.00011004509161693932,0.13850092936991132,0.002092634022119455,8.960283543912873e-06,8,512
32768,0,4,8.595728487659215e-06,2.015717613426649e-08,0.0001913888868685376,0.07034378448861389,0.0015345982828876004,1.5461774251601668e-05,8,512
32768,0,16,2.1855187976704826e-05,1.0682270451393191e-07,0.00038636029610472633,0.04471239008125849,0.00027901786961592734,2.992410321489558e-05,8,512
32768,0,64,7.502730843711447e-05,5.397727441086402e-07,0.001237057772470962,0.038374176330762566,0.0,8.773847124743384e-05,8,512
32768,0,128,0.00013874520388412748,1.670135628833308e-06,0.002100314029689798,0.03548318587127142,0.0,0.00015898934012881227,8,512
32768,1,1,9.719746793379613e-05,5.938000391253473e-07,0.002469109030414529,3.181756930775009,0.03676060432189843,0.0003198783324549481,8,512
32768,1,4,0.00019616972092251217,2.8453344099871325e-06,0.004414930852476573,1.6054243074031547,0.030412947795412038,0.0005287812948466808,8,512
32768,1,16,0.0003381099625130446,1.1123305775351255e-05,0.005740500922456704,0.691757664346369,0.010393415643193293,0.0007355787312803841,8,512
32768,1,64,0.0008257541091438725,4.6038094175582245e-05,0.009333293025520106,0.42234593676403165,0.002162388489523437,0.0014205388807795316,8,512
32768,1,128,0.0014066571519606441,7.913474860377079e-05,0.012706408238955191,0.35974365202127956,0.0011858259458676912,0.0022723582267190068,8,512
32768,2,1,6.224172050917076e-05,2.0227338095590852e-05,0.0005034131358669924,2.0375852061551996,0.03306361763679888,0.00020604985452088442,8,512
32768,2,4,0.00013350117549215668,3.598816022742923e-05,0.0013434958028852861,1.092591721622739,0.01632254545984324,0.00034479347914739833,8,512
32768,2,16,0.0004483219861128873,0.00012562193461462812,0.005492564723851956,0.9172813288896577,0.015904018604487646,0.0007234837479472844,8,512
32768,2,64,0.0010229862186577066,0.00029682783514672906,0.01164993787710955,0.5232416761864442,0.005510602946742438,0.0013755121622267552,8,512
32768,2,128,0.0015552566985093108,0.00048308811219754944,0.01598859833620736,0.39774657564703375,0.0020228795692673884,0.0019602426855271915,8,512
32768,4,1,0.508283126517199,0.5290363066305872,0.8562610337976366,16638.92226791382,0.9999302455689758,0.5360449938161764,8,512
32768,4,4,0.5712890218710527,0.5978734103264287,0.9380853166803718,4675.3635449409485,0.9992327012587339,0.6059108694316819,8,512
32768,4,16,0.5716752546723001,0.5985389599809423,0.9381744172424078,1169.6311655044556,0.9972795771900564,0.6059634509147145,8,512
32768,4,64,0.5722005783463828,0.5990820294828154,0.93848797515966,292.67646300792694,0.9824916378129274,0.6047305806423537,8,512
32768,4,128,0.5726271372986957,0.5994396163150668,0.9386724216165021,146.44731643795967,0.9675641894573346,0.6038323970860802,8,512
32768,8,1,0.390450047707418,0.3602830476593226,0.7994376612477936,12781.45016670227,0.9999302455689758,0.3812952237203717,8,512
32768,8,4,0.43059403577353805,0.3984912848682143,0.875529881217517,3523.890215396881,0.9994419645518064,0.4200906170590315,8,512
32768,8,16,0.4306786827510223,0.3986102844646666,0.875584309338592,881.1457259654999,0.9968610506039113,0.41995642104302533,8,512
32768,8,64,0.43101818358991295,0.39899498826707713,0.875753222964704,220.46007174253464,0.9813755669165403,0.41954773510224186,8,512
32768,8,128,0.4313564263866283,0.3994310808775481,0.8758425480918959,110.31653809547424,0.9567522522993386,0.4192594145424664,8,512
32768,12,1,0.21431830027722754,0.162026078432973,0.6266754761163611,7015.805180072784,0.9999302455689758,0.20624408444564324,8,512
32768,12,4,0.24088307758211158,0.18526448129705386,0.6898791989369784,1971.350215435028,0.9986746658105403,0.2323004174613743,8,512
32768,12,16,0.2408958292362513,0.18528342908393824,0.6898798820038792,492.8636421263218,0.9904436427168548,0.2322923529354739,8,512
32768,12,64,0.24098603561287746,0.1854017512741848,0.6898839405621402,123.262046597898,0.943777923239395,0.23224172990012448,8,512
32768,12,128,0.24113219168793876,0.1855846856487915,0.6898903108958621,61.66840108111501,0.8814174468279816,0.23216998498537578,8,512
32768,16,1,0.10551157975351089,0.06115908959964145,0.38291980196663644,3453.899576663971,0.9918387315701693,0.08918601627374301,8,512
32768,16,4,0.12292099439218873,0.07356164444263413,0.4311477311712224,1005.9470302462578,0.9690290314611048,0.10464459095419443,8,512
32768,16,16,0.12293930083978921,0.07359457647999079,0.43115544033935294,251.5242097824812,0.913016211357899,0.10464193300867919,8,512
32768,16,64,0.12309588278003503,0.07385038937627542,0.4312111559556797,62.961132667958736,0.7750418865471147,0.10464266713643156,8,512
32768,16,128,0.1233672090966138,0.07426414244582702,0.43132313157548197,31.549949042499065,0.6528320613433607,0.1046727594712138,8,512
32768,20,1,0.13249603369331453,0.08953704226951231,0.501879932358861,4337.238472938538,0.9976283493451774,0.09764012534287758,8,512
32768,20,4,0.1538365432206774,0.10684611168107949,0.5575954875967,1258.956606566906,0.9918387315701693,0.11610726411163341,8,512
32768,20,16,0.1538429238134995,0.10685243410989642,0.5576021615415812,314.7522026002407,0.9677036973880604,0.1161046535562491,8,512
32768,20,64,0.15391588951752055,0.10690242780765402,0.557685215229867,78.72536576539278,0.8710937814321369,0.11609611577296164,8,512
32768,20,128,0.15403128614707384,0.10698808499364532,0.5577882668585517,39.39219322800636,0.7557896518264897,0.11610392110378598,8,512
32768,24,1,0.3776483219699003,0.3318062869220739,0.8538633909192868,12362.327431678772,0.9993024556897581,0.3303470397804631,8,512
32768,24,4,0.42322671110741794,0.3789875442016637,0.9344289168948308,3463.593031644821,0.9970005594659597,0.36973583814688027,8,512
32768,24,16,0.4233052760537248,0.37908789023640566,0.9344722868409008,866.0590029358864,0.9889090454671532,0.36973680029041134,8,512
32768,24,64,0.4237293675541878,0.3796843778982293,0.9345869418466464,216.73164874315262,0.9458008041838184,0.36979680857621133,8,512
32768,24,128,0.42426686320686713,0.38033902100869454,0.9347322159446776,108.50328674912453,0.8987165513681248,0.36990116027300246,8,512
32768,27,1,0.08788781669409218,0.09221422373479982,0.23231732830026885,2877.0037001669407,0.7499303050572053,0.054696672509180644,8,512
32768,27,4,0.10125764124677517,0.10501104841114284,0.2673521708493354,828.6635894179344,0.749093251186423,0.06159449347251211,8,512
32768,27,16,0.10134676174129709,0.10511406121327127,0.2674708952763467,207.34822032786906,0.741420257720165,0.06167040935270052,8,512
32768,27,64,0.1018749343293166,0.10569305760145653,0.26832869293139083,52.10718405805528,0.6742466962605249,0.06202407446789948,8,512
32768,27,128,0.10251843645801273,0.10652335241525179,0.2694016651585116,26.218154314439744,0.5736607492945041,0.062453561969505245,8,512
