context_length,cache_budget,policy,remote_count,delta_ce,kl_full_to_compact,top1_changed
16384,128,prefix,1,0.27451664955881316,0.3018866167998704,0.216796875
16384,128,prefix,4,0.281500575841485,0.3056035712480061,0.21875
16384,128,prefix,16,0.30274354430483275,0.3179759462709222,0.2265625
16384,128,prefix,64,0.3060926307336782,0.33714179519606446,0.228515625
16384,128,prefix_zero_value,4,1.1942172445285735,1.0713124694514349,0.396484375
16384,128,prefix_zero_value,16,1.1965739778742233,1.0755776661333343,0.408203125
16384,128,random_remote,16,1.8996572588208487,1.9851661743795415,0.638671875
16384,128,random_remote,64,1.7880468681877169,1.8835982650913863,0.587890625
16384,128,recent_only,0,1.9258868738298918,2.0353019401334365,0.615234375
16384,128,strided_remote,16,1.9971953142154,2.0870865152282754,0.625
16384,128,strided_remote,64,1.9691780867103534,2.0327876665180895,0.60546875
16384,512,prefix,1,0.07726373386743335,0.12925908275211467,0.162109375
16384,512,prefix,4,0.0821156972404693,0.12893245288438882,0.166015625
16384,512,prefix,16,0.08944428552601558,0.1369412573252406,0.1640625
16384,512,prefix,64,0.08645320290352965,0.13758439153698782,0.166015625
16384,512,prefix_zero_value,4,0.9082077051095041,0.8158801915956673,0.373046875
16384,512,prefix_zero_value,16,0.9265743052428164,0.8326830830192833,0.373046875
16384,512,random_remote,16,0.8409987341679215,0.9952695749937721,0.4140625
16384,512,random_remote,64,0.8845189847837776,1.041674219314194,0.421875
16384,512,recent_only,0,0.8573416064770032,1.015554659549604,0.412109375
16384,512,strided_remote,16,0.8668336007514159,1.02396423950532,0.4296875
16384,512,strided_remote,64,0.9180454036242156,1.0670101986801157,0.44140625
16384,2048,prefix,1,0.027009481837011684,0.0578887012036296,0.09375
16384,2048,prefix,4,0.02999618034965179,0.056316201473577125,0.099609375
16384,2048,prefix,16,0.0378457378912862,0.06615904914694569,0.09765625
16384,2048,prefix,64,0.03752045253984715,0.06670875908042893,0.10546875
16384,2048,prefix_zero_value,4,0.6870004125412912,0.6169302494286146,0.2890625
16384,2048,prefix_zero_value,16,0.6987935787568986,0.6277250118833155,0.296875
16384,2048,random_remote,16,0.48056379011838857,0.5559142688145764,0.294921875
16384,2048,random_remote,64,0.48971942351889464,0.56329468657463,0.29296875
16384,2048,recent_only,0,0.4740839061731714,0.5445149778356511,0.296875
16384,2048,strided_remote,16,0.4881021081676886,0.5590736753875314,0.30078125
16384,2048,strided_remote,64,0.49185177972738714,0.5641586058227102,0.294921875
16384,8192,prefix,1,0.0035251409441912074,0.018121409464045363,0.060546875
16384,8192,prefix,4,0.001419446836234517,0.016116997497973937,0.06640625
16384,8192,prefix,16,0.0022702708024415763,0.016108761994479304,0.0703125
16384,8192,prefix,64,0.00037364121459937394,0.015860803022767045,0.0625
16384,8192,prefix_zero_value,4,0.46868895126674026,0.41552763222877687,0.224609375
16384,8192,prefix_zero_value,16,0.4603886096742027,0.4086875305378257,0.216796875
16384,8192,random_remote,16,0.33389688479768687,0.40272085958456616,0.23828125
16384,8192,random_remote,64,0.33029562755790476,0.400715637864967,0.240234375
16384,8192,recent_only,0,0.3333231515427819,0.40369425552735994,0.236328125
16384,8192,strided_remote,16,0.33347895921316617,0.40319729861372844,0.23828125
16384,8192,strided_remote,64,0.3330733954474585,0.4009142355025128,0.23828125
24576,128,prefix,1,0.2037298084218815,0.24806603574768182,0.19140625
24576,128,prefix,4,0.22499852457479008,0.28539681437163633,0.19921875
24576,128,prefix,16,0.26776797605541347,0.29792243869825086,0.203125
24576,128,prefix,64,0.2902061428555802,0.3485991821314274,0.232421875
24576,128,prefix_zero_value,4,1.016919853343552,0.9600546461615522,0.39453125
24576,128,prefix_zero_value,16,1.0829648696069398,1.0135015966216088,0.384765625
24576,128,random_remote,16,1.9883866561597756,2.1728282380312294,0.59375
24576,128,random_remote,64,1.9432257711234797,2.1083462416577277,0.59765625
24576,128,recent_only,0,2.1047102068961863,2.2895473985289527,0.6171875
24576,128,strided_remote,16,1.9559831648668933,2.118504843218716,0.615234375
24576,128,strided_remote,64,1.9055474128974765,2.1073393125886923,0.611328125
24576,512,prefix,1,0.17090207074071984,0.1692622737035614,0.158203125
24576,512,prefix,4,0.1734273235535575,0.17412722207083153,0.162109375
24576,512,prefix,16,0.17046019862955752,0.17592579868421798,0.16015625
24576,512,prefix,64,0.1675064401320574,0.1767698531659474,0.15234375
24576,512,prefix_zero_value,4,0.8915936692774835,0.7826882875733645,0.333984375
24576,512,prefix_zero_value,16,0.8942577788091626,0.7894920088110666,0.33203125
24576,512,random_remote,16,1.3446943996680147,1.5009336785109895,0.53515625
24576,512,random_remote,64,1.2394918225551805,1.4172433406889127,0.498046875
24576,512,recent_only,0,1.480745502697772,1.6897893371416899,0.556640625
24576,512,strided_remote,16,1.3168836843908593,1.5024691097142409,0.544921875
24576,512,strided_remote,64,1.2424365943176099,1.4222076821595806,0.513671875
24576,2048,prefix,1,0.10994234457822927,0.10053485135981954,0.123046875
24576,2048,prefix,4,0.11568853848319716,0.10565389279612286,0.123046875
24576,2048,prefix,16,0.11475293175705836,0.10604714678575455,0.125
24576,2048,prefix,64,0.10359057041705189,0.10018348862065773,0.125
24576,2048,prefix_zero_value,4,0.7181971040750454,0.6350951722026821,0.291015625
24576,2048,prefix_zero_value,16,0.7239514303463181,0.6368008126125346,0.28125
24576,2048,random_remote,16,0.7713035004418991,0.8060400413404487,0.380859375
24576,2048,random_remote,64,0.7820369830535654,0.8138906573212328,0.38671875
24576,2048,recent_only,0,0.7684527516247961,0.8048219366704892,0.37890625
24576,2048,strided_remote,16,0.7649986745496058,0.8031958397958281,0.3671875
24576,2048,strided_remote,64,0.7697216583042099,0.8089058313239477,0.3828125
24576,8192,prefix,1,0.015042736804639967,0.028904769144215053,0.072265625
24576,8192,prefix,4,0.01396999736127924,0.028621433991338346,0.0625
24576,8192,prefix,16,0.01492741200952219,0.028857319575739532,0.068359375
24576,8192,prefix,64,0.013410595056479568,0.028475150138467797,0.05859375
24576,8192,prefix_zero_value,4,0.44892046531573726,0.4136703966715345,0.208984375
24576,8192,prefix_zero_value,16,0.4478111017356099,0.4126194297073482,0.208984375
24576,8192,random_remote,16,0.43307616619318434,0.48201301315362866,0.298828125
24576,8192,random_remote,64,0.4381643929776269,0.4854060031134697,0.30078125
24576,8192,recent_only,0,0.4327207053335149,0.48212210291951063,0.2890625
24576,8192,strided_remote,16,0.433717646677235,0.48240196425974124,0.298828125
24576,8192,strided_remote,64,0.4285038055196546,0.4802957437045885,0.291015625
32768,128,prefix,1,0.25498587905620695,0.25559653818255335,0.234375
32768,128,prefix,4,0.25628262295894366,0.25162544849357893,0.23828125
32768,128,prefix,16,0.2606928470258847,0.2608927126672955,0.23828125
32768,128,prefix,64,0.3256768938125614,0.33715266587235393,0.2578125
32768,128,prefix_zero_value,4,0.9934432200439005,0.8314436703058163,0.396484375
32768,128,prefix_zero_value,16,1.0264944424923215,0.876870481323806,0.404296875
32768,128,random_remote,16,2.0516473375843987,2.213364242032611,0.701171875
32768,128,random_remote,64,1.9760731221750802,2.103493197066996,0.67578125
32768,128,recent_only,0,2.299716430883606,2.4372277999943393,0.7109375
32768,128,strided_remote,16,1.826223914209038,1.9304546061589747,0.630859375
32768,128,strided_remote,64,1.8904077042036533,2.033445555424578,0.64453125
32768,512,prefix,1,0.07414047607180319,0.1245523311215182,0.166015625
32768,512,prefix,4,0.07623103632210881,0.12336380019757498,0.17578125
32768,512,prefix,16,0.080673977870382,0.12462976803421011,0.166015625
32768,512,prefix,64,0.09427083984470608,0.12907917738936647,0.173828125
32768,512,prefix_zero_value,4,0.6907809972175869,0.5758261929887567,0.3046875
32768,512,prefix_zero_value,16,0.700158094773542,0.5830115630275259,0.31640625
32768,512,random_remote,16,1.1121526440916654,1.309702831465188,0.521484375
32768,512,random_remote,64,0.9607283014168502,1.1180852379796278,0.48828125
32768,512,recent_only,0,1.4103227960447953,1.6435683682917954,0.556640625
32768,512,strided_remote,16,1.121727021107347,1.3280953027398823,0.53125
32768,512,strided_remote,64,1.023390606570544,1.1876121186848678,0.5078125
32768,2048,prefix,1,0.017829673696227566,0.06744894466065188,0.1328125
32768,2048,prefix,4,0.017350713447319865,0.06739713126687197,0.130859375
32768,2048,prefix,16,0.017055325283344303,0.06806310390827985,0.140625
32768,2048,prefix,64,0.01814999031618303,0.06668617930172238,0.1328125
32768,2048,prefix_zero_value,4,0.48807752632461643,0.41877241548121447,0.267578125
32768,2048,prefix_zero_value,16,0.48638171885642123,0.4184948170949667,0.27734375
32768,2048,random_remote,16,0.6139874053332908,0.7786034388997702,0.36328125
32768,2048,random_remote,64,0.5900639590254553,0.7603165377760592,0.3515625
32768,2048,recent_only,0,0.6495032887758354,0.806819706560101,0.361328125
32768,2048,strided_remote,16,0.6485200035497227,0.8013270339243399,0.365234375
32768,2048,strided_remote,64,0.5515140872613542,0.7144433942052446,0.353515625
32768,8192,prefix,1,-0.004850130302941125,0.029189762123583277,0.083984375
32768,8192,prefix,4,-0.003842087446808584,0.027156720547575813,0.080078125
32768,8192,prefix,16,-0.000800606424110839,0.02768096969076167,0.0859375
32768,8192,prefix,64,-0.002814112102058619,0.026972597199386827,0.087890625
32768,8192,prefix_zero_value,4,0.33738051035960837,0.2919620210189464,0.19140625
32768,8192,prefix_zero_value,16,0.3371120212375587,0.29288050421757816,0.201171875
32768,8192,random_remote,16,0.32556806314378095,0.4525764954527154,0.275390625
32768,8192,random_remote,64,0.3287530920886099,0.4493848811635288,0.28515625
32768,8192,recent_only,0,0.3266780590773277,0.45171835114110204,0.27734375
32768,8192,strided_remote,16,0.3290114671804103,0.4539516390803069,0.28125
32768,8192,strided_remote,64,0.3304879851110658,0.45417111377934694,0.279296875
