contrast,context_length,cache_budget,remote_count,metric,left_mean,right_mean,mean_difference,ci_low,ci_high,documents,targets
prefix_minus_recent,16384,128,1,delta_ce,0.27451664955881316,1.9258868738298918,-1.6513702242710786,-2.116333504181432,-1.2723154184993561,8,512
prefix_minus_recent,16384,128,1,kl_full_to_compact,0.3018866167998704,2.0353019401334365,-1.733415323333566,-2.2097276832111064,-1.3795371759396744,8,512
prefix_minus_recent,16384,128,1,top1_changed,0.216796875,0.615234375,-0.3984375,-0.478564453125,-0.326171875,8,512
prefix_minus_recent,16384,512,1,delta_ce,0.07726373386743335,0.8573416064770032,-0.7800778726095698,-1.2490755519695274,-0.43741866253558087,8,512
prefix_minus_recent,16384,512,1,kl_full_to_compact,0.12925908275211467,1.015554659549604,-0.8862955767974894,-1.3568343777231469,-0.5431082334681305,8,512
prefix_minus_recent,16384,512,1,top1_changed,0.162109375,0.412109375,-0.25,-0.33203125,-0.181640625,8,512
prefix_minus_recent,16384,2048,1,delta_ce,0.027009481837011684,0.4740839061731714,-0.44707442433615974,-0.7176175850046421,-0.2641521127243113,8,512
prefix_minus_recent,16384,2048,1,kl_full_to_compact,0.0578887012036296,0.5445149778356511,-0.48662627663202146,-0.7621077167156702,-0.29687838578062725,8,512
prefix_minus_recent,16384,2048,1,top1_changed,0.09375,0.296875,-0.203125,-0.27734375,-0.14453125,8,512
prefix_minus_recent,16384,8192,1,delta_ce,0.0035251409441912074,0.3333231515427819,-0.3297980105985907,-0.585302067719135,-0.15482484165411042,8,512
prefix_minus_recent,16384,8192,1,kl_full_to_compact,0.018121409464045363,0.40369425552735994,-0.38557284606331454,-0.6262606759880904,-0.2116539902566549,8,512
prefix_minus_recent,16384,8192,1,top1_changed,0.060546875,0.236328125,-0.17578125,-0.244140625,-0.1171875,8,512
prefix_minus_recent,24576,128,1,delta_ce,0.2037298084218815,2.1047102068961863,-1.9009803984743048,-2.1855128215460757,-1.6080309582154848,8,512
prefix_minus_recent,24576,128,1,kl_full_to_compact,0.24806603574768182,2.2895473985289527,-2.041481362781271,-2.2816262044317592,-1.7533426253879552,8,512
prefix_minus_recent,24576,128,1,top1_changed,0.19140625,0.6171875,-0.42578125,-0.462890625,-0.388671875,8,512
prefix_minus_recent,24576,512,1,delta_ce,0.17090207074071984,1.480745502697772,-1.3098434319570522,-1.7690218272709608,-0.892697985777015,8,512
prefix_minus_recent,24576,512,1,kl_full_to_compact,0.1692622737035614,1.6897893371416899,-1.5205270634381285,-1.9250520003984457,-1.1402724972642782,8,512
prefix_minus_recent,24576,512,1,top1_changed,0.158203125,0.556640625,-0.3984375,-0.466796875,-0.32416992187500027,8,512
prefix_minus_recent,24576,2048,1,delta_ce,0.10994234457822927,0.7684527516247961,-0.6585104070465668,-1.1458306733057562,-0.364242679576113,8,512
prefix_minus_recent,24576,2048,1,kl_full_to_compact,0.10053485135981954,0.8048219366704892,-0.7042870853106696,-1.175384422187484,-0.4115013237833374,8,512
prefix_minus_recent,24576,2048,1,top1_changed,0.123046875,0.37890625,-0.255859375,-0.345703125,-0.1796875,8,512
prefix_minus_recent,24576,8192,1,delta_ce,0.015042736804639967,0.4327207053335149,-0.41767796852887495,-0.7624144716343009,-0.19825888045787557,8,512
prefix_minus_recent,24576,8192,1,kl_full_to_compact,0.028904769144215053,0.48212210291951063,-0.4532173337752956,-0.7531594237224049,-0.26840204379513055,8,512
prefix_minus_recent,24576,8192,1,top1_changed,0.072265625,0.2890625,-0.216796875,-0.26953125,-0.1640625,8,512
prefix_minus_recent,32768,128,1,delta_ce,0.25498587905620695,2.299716430883606,-2.0447305518273993,-2.4278093289105627,-1.6462463282312,8,512
prefix_minus_recent,32768,128,1,kl_full_to_compact,0.25559653818255335,2.4372277999943393,-2.181631261811786,-2.612329318348027,-1.7214284054345024,8,512
prefix_minus_recent,32768,128,1,top1_changed,0.234375,0.7109375,-0.4765625,-0.552734375,-0.40234375,8,512
prefix_minus_recent,32768,512,1,delta_ce,0.07414047607180319,1.4103227960447953,-1.336182319972992,-1.6987259581001342,-0.947963748065483,8,512
prefix_minus_recent,32768,512,1,kl_full_to_compact,0.1245523311215182,1.6435683682917954,-1.5190160371702772,-1.9019282216280995,-1.0934910029266407,8,512
prefix_minus_recent,32768,512,1,top1_changed,0.166015625,0.556640625,-0.390625,-0.4453125,-0.330078125,8,512
prefix_minus_recent,32768,2048,1,delta_ce,0.017829673696227566,0.6495032887758354,-0.6316736150796078,-0.9584876396270563,-0.3646483859856739,8,512
prefix_minus_recent,32768,2048,1,kl_full_to_compact,0.06744894466065188,0.806819706560101,-0.7393707618994492,-1.1395981844772196,-0.4135847345460171,8,512
prefix_minus_recent,32768,2048,1,top1_changed,0.1328125,0.361328125,-0.228515625,-0.291015625,-0.171875,8,512
prefix_minus_recent,32768,8192,1,delta_ce,-0.004850130302941125,0.3266780590773277,-0.33152818938026885,-0.5725899248492108,-0.14539930947113655,8,512
prefix_minus_recent,32768,8192,1,kl_full_to_compact,0.029189762123583277,0.45171835114110204,-0.4225285890175188,-0.6743169404372368,-0.21607630802932823,8,512
prefix_minus_recent,32768,8192,1,top1_changed,0.083984375,0.27734375,-0.193359375,-0.248046875,-0.14453125,8,512
prefix_minus_recent,16384,128,4,delta_ce,0.281500575841485,1.9258868738298918,-1.6443862979884067,-2.099995982609225,-1.2592018842618926,8,512
prefix_minus_recent,16384,128,4,kl_full_to_compact,0.3056035712480061,2.0353019401334365,-1.7296983688854304,-2.1815893887494826,-1.3734607453874912,8,512
prefix_minus_recent,16384,128,4,top1_changed,0.21875,0.615234375,-0.396484375,-0.478515625,-0.3203125,8,512
prefix_minus_recent,16384,512,4,delta_ce,0.0821156972404693,0.8573416064770032,-0.7752259092365339,-1.2032364241120668,-0.43739612667652195,8,512
prefix_minus_recent,16384,512,4,kl_full_to_compact,0.12893245288438882,1.015554659549604,-0.8866222066652153,-1.3088895498067152,-0.5378769822663081,8,512
prefix_minus_recent,16384,512,4,top1_changed,0.166015625,0.412109375,-0.24609375,-0.3203125,-0.181640625,8,512
prefix_minus_recent,16384,2048,4,delta_ce,0.02999618034965179,0.4740839061731714,-0.44408772582351963,-0.6881890774131886,-0.26243493771938203,8,512
prefix_minus_recent,16384,2048,4,kl_full_to_compact,0.056316201473577125,0.5445149778356511,-0.4881987763620739,-0.7395296506733864,-0.29997823307877347,8,512
prefix_minus_recent,16384,2048,4,top1_changed,0.099609375,0.296875,-0.197265625,-0.2734375,-0.134765625,8,512
prefix_minus_recent,16384,8192,4,delta_ce,0.001419446836234517,0.3333231515427819,-0.3319037047065474,-0.5692464845171875,-0.16168238665019535,8,512
prefix_minus_recent,16384,8192,4,kl_full_to_compact,0.016116997497973937,0.40369425552735994,-0.38757725802938603,-0.6242008243444949,-0.21244854070634606,8,512
prefix_minus_recent,16384,8192,4,top1_changed,0.06640625,0.236328125,-0.169921875,-0.238330078125,-0.111328125,8,512
prefix_minus_recent,24576,128,4,delta_ce,0.22499852457479008,2.1047102068961863,-1.8797116823213962,-2.161574912988966,-1.603775522570533,8,512
prefix_minus_recent,24576,128,4,kl_full_to_compact,0.28539681437163633,2.2895473985289527,-2.0041505841573164,-2.2452737850912823,-1.7222405959110818,8,512
prefix_minus_recent,24576,128,4,top1_changed,0.19921875,0.6171875,-0.41796875,-0.458984375,-0.37890625,8,512
prefix_minus_recent,24576,512,4,delta_ce,0.1734273235535575,1.480745502697772,-1.3073181791442146,-1.7528802040549718,-0.908830977633355,8,512
prefix_minus_recent,24576,512,4,kl_full_to_compact,0.17412722207083153,1.6897893371416899,-1.5156621150708585,-1.8950538254954508,-1.1206535341972228,8,512
prefix_minus_recent,24576,512,4,top1_changed,0.162109375,0.556640625,-0.39453125,-0.462890625,-0.31640625,8,512
prefix_minus_recent,24576,2048,4,delta_ce,0.11568853848319716,0.7684527516247961,-0.6527642131415989,-1.1359530825756938,-0.3652211718308722,8,512
prefix_minus_recent,24576,2048,4,kl_full_to_compact,0.10565389279612286,0.8048219366704892,-0.6991680438743664,-1.1605071168521828,-0.4031084678343444,8,512
prefix_minus_recent,24576,2048,4,top1_changed,0.123046875,0.37890625,-0.255859375,-0.339892578125,-0.18359375,8,512
prefix_minus_recent,24576,8192,4,delta_ce,0.01396999736127924,0.4327207053335149,-0.4187507079722357,-0.7526366312911928,-0.20244125974431168,8,512
prefix_minus_recent,24576,8192,4,kl_full_to_compact,0.028621433991338346,0.48212210291951063,-0.4535006689281723,-0.7454616859969488,-0.26741762506570804,8,512
prefix_minus_recent,24576,8192,4,top1_changed,0.0625,0.2890625,-0.2265625,-0.275439453125,-0.17573242187500027,8,512
prefix_minus_recent,32768,128,4,delta_ce,0.25628262295894366,2.299716430883606,-2.0434338079246626,-2.4272869006985616,-1.6387746029765737,8,512
prefix_minus_recent,32768,128,4,kl_full_to_compact,0.25162544849357893,2.4372277999943393,-2.1856023515007603,-2.6375889249920417,-1.7250505715762507,8,512
prefix_minus_recent,32768,128,4,top1_changed,0.23828125,0.7109375,-0.47265625,-0.544921875,-0.40625,8,512
prefix_minus_recent,32768,512,4,delta_ce,0.07623103632210881,1.4103227960447953,-1.3340917597226865,-1.6989561402682345,-0.971346750801637,8,512
prefix_minus_recent,32768,512,4,kl_full_to_compact,0.12336380019757498,1.6435683682917954,-1.5202045680942204,-1.8815206238763045,-1.1078558548859263,8,512
prefix_minus_recent,32768,512,4,top1_changed,0.17578125,0.556640625,-0.380859375,-0.43359375,-0.32421875,8,512
prefix_minus_recent,32768,2048,4,delta_ce,0.017350713447319865,0.6495032887758354,-0.6321525753285155,-0.955063542992469,-0.36377089331239176,8,512
prefix_minus_recent,32768,2048,4,kl_full_to_compact,0.06739713126687197,0.806819706560101,-0.7394225752932291,-1.1283117951167687,-0.4131607365653718,8,512
prefix_minus_recent,32768,2048,4,top1_changed,0.130859375,0.361328125,-0.23046875,-0.283203125,-0.18359375,8,512
prefix_minus_recent,32768,8192,4,delta_ce,-0.003842087446808584,0.3266780590773277,-0.3305201465241363,-0.5786677503811408,-0.14298190154506552,8,512
prefix_minus_recent,32768,8192,4,kl_full_to_compact,0.027156720547575813,0.45171835114110204,-0.42456163059352625,-0.6714940201528283,-0.2138791956992332,8,512
prefix_minus_recent,32768,8192,4,top1_changed,0.080078125,0.27734375,-0.197265625,-0.255859375,-0.146484375,8,512
prefix_minus_recent,16384,128,16,delta_ce,0.30274354430483275,1.9258868738298918,-1.623143329525059,-2.066649167363241,-1.2378940547677368,8,512
prefix_minus_recent,16384,128,16,kl_full_to_compact,0.3179759462709222,2.0353019401334365,-1.7173259938625143,-2.1663072211039247,-1.3478736281959314,8,512
prefix_minus_recent,16384,128,16,top1_changed,0.2265625,0.615234375,-0.388671875,-0.455078125,-0.32807617187500027,8,512
prefix_minus_recent,16384,512,16,delta_ce,0.08944428552601558,0.8573416064770032,-0.7678973209509876,-1.198819481196071,-0.4258455163668636,8,512
prefix_minus_recent,16384,512,16,kl_full_to_compact,0.1369412573252406,1.015554659549604,-0.8786134022243635,-1.3090017884839769,-0.5205512639839747,8,512
prefix_minus_recent,16384,512,16,top1_changed,0.1640625,0.412109375,-0.248046875,-0.318359375,-0.185546875,8,512
prefix_minus_recent,16384,2048,16,delta_ce,0.0378457378912862,0.4740839061731714,-0.4362381682818852,-0.6987923435359338,-0.2480544796128999,8,512
prefix_minus_recent,16384,2048,16,kl_full_to_compact,0.06615904914694569,0.5445149778356511,-0.47835592868870536,-0.7408501443738587,-0.279772341124157,8,512
prefix_minus_recent,16384,2048,16,top1_changed,0.09765625,0.296875,-0.19921875,-0.2734375,-0.13671875,8,512
prefix_minus_recent,16384,8192,16,delta_ce,0.0022702708024415763,0.3333231515427819,-0.33105288074034034,-0.5715772963826786,-0.159363348874842,8,512
prefix_minus_recent,16384,8192,16,kl_full_to_compact,0.016108761994479304,0.40369425552735994,-0.38758549353288063,-0.6255590532959819,-0.2117033177843819,8,512
prefix_minus_recent,16384,8192,16,top1_changed,0.0703125,0.236328125,-0.166015625,-0.232470703125,-0.103515625,8,512
prefix_minus_recent,24576,128,16,delta_ce,0.26776797605541347,2.1047102068961863,-1.8369422308407728,-2.1477864842565992,-1.528160112005787,8,512
prefix_minus_recent,24576,128,16,kl_full_to_compact,0.29792243869825086,2.2895473985289527,-1.9916249598307019,-2.2479370490540447,-1.6953404254341462,8,512
prefix_minus_recent,24576,128,16,top1_changed,0.203125,0.6171875,-0.4140625,-0.4609375,-0.37104492187500027,8,512
prefix_minus_recent,24576,512,16,delta_ce,0.17046019862955752,1.480745502697772,-1.3102853040682145,-1.7692454960362465,-0.8852420144006375,8,512
prefix_minus_recent,24576,512,16,kl_full_to_compact,0.17592579868421798,1.6897893371416899,-1.513863538457472,-1.9152905976992358,-1.111654157693937,8,512
prefix_minus_recent,24576,512,16,top1_changed,0.16015625,0.556640625,-0.396484375,-0.46875,-0.31635742187500027,8,512
prefix_minus_recent,24576,2048,16,delta_ce,0.11475293175705836,0.7684527516247961,-0.6536998198677377,-1.1406320783135542,-0.36724306608850094,8,512
prefix_minus_recent,24576,2048,16,kl_full_to_compact,0.10604714678575455,0.8048219366704892,-0.6987747898847346,-1.1651572852571466,-0.40158207331621454,8,512
prefix_minus_recent,24576,2048,16,top1_changed,0.125,0.37890625,-0.25390625,-0.33984375,-0.1796875,8,512
prefix_minus_recent,24576,8192,16,delta_ce,0.01492741200952219,0.4327207053335149,-0.41779329332399273,-0.7575073521332699,-0.20078468311046518,8,512
prefix_minus_recent,24576,8192,16,kl_full_to_compact,0.028857319575739532,0.48212210291951063,-0.45326478334377107,-0.7521288533565349,-0.26614141420782467,8,512
prefix_minus_recent,24576,8192,16,top1_changed,0.068359375,0.2890625,-0.220703125,-0.269580078125,-0.17377929687500027,8,512
prefix_minus_recent,32768,128,16,delta_ce,0.2606928470258847,2.299716430883606,-2.0390235838577215,-2.424394071719479,-1.6539654479260744,8,512
prefix_minus_recent,32768,128,16,kl_full_to_compact,0.2608927126672955,2.4372277999943393,-2.1763350873270437,-2.61878979171026,-1.73995151709573,8,512
prefix_minus_recent,32768,128,16,top1_changed,0.23828125,0.7109375,-0.47265625,-0.546875,-0.40424804687500027,8,512
prefix_minus_recent,32768,512,16,delta_ce,0.080673977870382,1.4103227960447953,-1.3296488181744133,-1.6983771862142154,-0.9592832860961948,8,512
prefix_minus_recent,32768,512,16,kl_full_to_compact,0.12462976803421011,1.6435683682917954,-1.5189386002575853,-1.9011626419532004,-1.1065898858307956,8,512
prefix_minus_recent,32768,512,16,top1_changed,0.166015625,0.556640625,-0.390625,-0.451171875,-0.330078125,8,512
prefix_minus_recent,32768,2048,16,delta_ce,0.017055325283344303,0.6495032887758354,-0.6324479634924911,-0.949843843269352,-0.3683048173147938,8,512
prefix_minus_recent,32768,2048,16,kl_full_to_compact,0.06806310390827985,0.806819706560101,-0.7387566026518212,-1.1340946735512636,-0.41373704029606256,8,512
prefix_minus_recent,32768,2048,16,top1_changed,0.140625,0.361328125,-0.220703125,-0.27734375,-0.171875,8,512
prefix_minus_recent,32768,8192,16,delta_ce,-0.000800606424110839,0.3266780590773277,-0.32747866550143856,-0.5814655622330963,-0.1404425842617773,8,512
prefix_minus_recent,32768,8192,16,kl_full_to_compact,0.02768096969076167,0.45171835114110204,-0.42403738145034037,-0.682111948109396,-0.21998193664858898,8,512
prefix_minus_recent,32768,8192,16,top1_changed,0.0859375,0.27734375,-0.19140625,-0.25,-0.138671875,8,512
prefix_minus_recent,16384,128,64,delta_ce,0.3060926307336782,1.9258868738298918,-1.6197942430962136,-2.0779078034137206,-1.2493991384891712,8,512
prefix_minus_recent,16384,128,64,kl_full_to_compact,0.33714179519606446,2.0353019401334365,-1.698160144937372,-2.192463045588488,-1.3258991574513344,8,512
prefix_minus_recent,16384,128,64,top1_changed,0.228515625,0.615234375,-0.38671875,-0.462890625,-0.318359375,8,512
prefix_minus_recent,16384,512,64,delta_ce,0.08645320290352965,0.8573416064770032,-0.7708884035734735,-1.213456113443425,-0.42173343355327764,8,512
prefix_minus_recent,16384,512,64,kl_full_to_compact,0.13758439153698782,1.015554659549604,-0.8779702680126162,-1.3141384927020976,-0.5248515347442796,8,512
prefix_minus_recent,16384,512,64,top1_changed,0.166015625,0.412109375,-0.24609375,-0.314453125,-0.1796875,8,512
prefix_minus_recent,16384,2048,64,delta_ce,0.03752045253984715,0.4740839061731714,-0.43656345363332427,-0.7016089796593139,-0.2500726049752412,8,512
prefix_minus_recent,16384,2048,64,kl_full_to_compact,0.06670875908042893,0.5445149778356511,-0.4778062187552221,-0.7463368841332132,-0.27924931948965226,8,512
prefix_minus_recent,16384,2048,64,top1_changed,0.10546875,0.296875,-0.19140625,-0.265673828125,-0.12690429687500027,8,512
prefix_minus_recent,16384,8192,64,delta_ce,0.00037364121459937394,0.3333231515427819,-0.33294951032818254,-0.5801614807465658,-0.16435656562974704,8,512
prefix_minus_recent,16384,8192,64,kl_full_to_compact,0.015860803022767045,0.40369425552735994,-0.3878334525045929,-0.628178004374439,-0.2133960557459883,8,512
prefix_minus_recent,16384,8192,64,top1_changed,0.0625,0.236328125,-0.173828125,-0.23828125,-0.119140625,8,512
prefix_minus_recent,24576,128,64,delta_ce,0.2902061428555802,2.1047102068961863,-1.814504064040606,-2.1439366888327394,-1.5128830153302215,8,512
prefix_minus_recent,24576,128,64,kl_full_to_compact,0.3485991821314274,2.2895473985289527,-1.9409482163975253,-2.206721143086582,-1.6582786815538948,8,512
prefix_minus_recent,24576,128,64,top1_changed,0.232421875,0.6171875,-0.384765625,-0.421875,-0.349609375,8,512
prefix_minus_recent,24576,512,64,delta_ce,0.1675064401320574,1.480745502697772,-1.3132390625657147,-1.7815859875818654,-0.9128408446534308,8,512
prefix_minus_recent,24576,512,64,kl_full_to_compact,0.1767698531659474,1.6897893371416899,-1.5130194839757425,-1.9110200346120685,-1.1323155101064648,8,512
prefix_minus_recent,24576,512,64,top1_changed,0.15234375,0.556640625,-0.404296875,-0.474609375,-0.33198242187500027,8,512
prefix_minus_recent,24576,2048,64,delta_ce,0.10359057041705189,0.7684527516247961,-0.6648621812077442,-1.1504009779378364,-0.3831898703150989,8,512
prefix_minus_recent,24576,2048,64,kl_full_to_compact,0.10018348862065773,0.8048219366704892,-0.7046384480498314,-1.1716521633761081,-0.4184844240774572,8,512
prefix_minus_recent,24576,2048,64,top1_changed,0.125,0.37890625,-0.25390625,-0.337939453125,-0.185546875,8,512
prefix_minus_recent,24576,8192,64,delta_ce,0.013410595056479568,0.4327207053335149,-0.41931011027703535,-0.7661348099178977,-0.20849945411697607,8,512
prefix_minus_recent,24576,8192,64,kl_full_to_compact,0.028475150138467797,0.48212210291951063,-0.45364695278104283,-0.7526318923007022,-0.27260713486494587,8,512
prefix_minus_recent,24576,8192,64,top1_changed,0.05859375,0.2890625,-0.23046875,-0.279296875,-0.1796875,8,512
prefix_minus_recent,32768,128,64,delta_ce,0.3256768938125614,2.299716430883606,-1.9740395370710448,-2.3626775189543316,-1.5601323318586304,8,512
prefix_minus_recent,32768,128,64,kl_full_to_compact,0.33715266587235393,2.4372277999943393,-2.1000751341219854,-2.5405371947298065,-1.6547988975831558,8,512
prefix_minus_recent,32768,128,64,top1_changed,0.2578125,0.7109375,-0.453125,-0.525390625,-0.38666992187500027,8,512
prefix_minus_recent,32768,512,64,delta_ce,0.09427083984470608,1.4103227960447953,-1.3160519562000892,-1.695239310969356,-0.9220518354417674,8,512
prefix_minus_recent,32768,512,64,kl_full_to_compact,0.12907917738936647,1.6435683682917954,-1.514489190902429,-1.9039897747266303,-1.0859494886962024,8,512
prefix_minus_recent,32768,512,64,top1_changed,0.173828125,0.556640625,-0.3828125,-0.43359375,-0.32807617187500027,8,512
prefix_minus_recent,32768,2048,64,delta_ce,0.01814999031618303,0.6495032887758354,-0.6313532984596524,-0.9591254941093136,-0.36881862545988614,8,512
prefix_minus_recent,32768,2048,64,kl_full_to_compact,0.06668617930172238,0.806819706560101,-0.7401335272583787,-1.132567718445726,-0.4203050550271736,8,512
prefix_minus_recent,32768,2048,64,top1_changed,0.1328125,0.361328125,-0.228515625,-0.287109375,-0.17377929687500027,8,512
prefix_minus_recent,32768,8192,64,delta_ce,-0.002814112102058619,0.3266780590773277,-0.32949217117938634,-0.5774817038134265,-0.1430951475952675,8,512
prefix_minus_recent,32768,8192,64,kl_full_to_compact,0.026972597199386827,0.45171835114110204,-0.4247457539417152,-0.6763318144268091,-0.21933162715868784,8,512
prefix_minus_recent,32768,8192,64,top1_changed,0.087890625,0.27734375,-0.189453125,-0.24609375,-0.140625,8,512
prefix_minus_random,16384,128,16,delta_ce,0.30274354430483275,1.8996572588208487,-1.596913714516016,-2.0372701240362465,-1.2427499557982575,8,512
prefix_minus_random,16384,128,16,kl_full_to_compact,0.3179759462709222,1.9851661743795415,-1.6671902281086193,-2.0688124050484014,-1.3498046004108772,8,512
prefix_minus_random,16384,128,16,top1_changed,0.2265625,0.638671875,-0.412109375,-0.458984375,-0.37109375,8,512
prefix_minus_random,16384,512,16,delta_ce,0.08944428552601558,0.8409987341679215,-0.7515544486419059,-1.1848890434743407,-0.41932879734294787,8,512
prefix_minus_random,16384,512,16,kl_full_to_compact,0.1369412573252406,0.9952695749937721,-0.8583283176685315,-1.2757470159754558,-0.5115703572115727,8,512
prefix_minus_random,16384,512,16,top1_changed,0.1640625,0.4140625,-0.25,-0.32421875,-0.185546875,8,512
prefix_minus_random,16384,2048,16,delta_ce,0.0378457378912862,0.48056379011838857,-0.44271805222710237,-0.7028508504350467,-0.2635423109477718,8,512
prefix_minus_random,16384,2048,16,kl_full_to_compact,0.06615904914694569,0.5559142688145764,-0.4897552196676307,-0.7507971425063286,-0.29262537723019494,8,512
prefix_minus_random,16384,2048,16,top1_changed,0.09765625,0.294921875,-0.197265625,-0.275390625,-0.134765625,8,512
prefix_minus_random,16384,8192,16,delta_ce,0.0022702708024415763,0.33389688479768687,-0.3316266139952453,-0.5705440310470923,-0.16119193892993167,8,512
prefix_minus_random,16384,8192,16,kl_full_to_compact,0.016108761994479304,0.40272085958456616,-0.38661209759008686,-0.6226957146469736,-0.21127135749421017,8,512
prefix_minus_random,16384,8192,16,top1_changed,0.0703125,0.23828125,-0.16796875,-0.240283203125,-0.10546875,8,512
prefix_minus_random,24576,128,16,delta_ce,0.26776797605541347,1.9883866561597756,-1.7206186801043621,-2.069901727710915,-1.3983693434955309,8,512
prefix_minus_random,24576,128,16,kl_full_to_compact,0.29792243869825086,2.1728282380312294,-1.8749057993329785,-2.235390911810526,-1.5056934403909068,8,512
prefix_minus_random,24576,128,16,top1_changed,0.203125,0.59375,-0.390625,-0.4296875,-0.357421875,8,512
prefix_minus_random,24576,512,16,delta_ce,0.17046019862955752,1.3446943996680147,-1.1742342010384572,-1.6958198930320716,-0.7451307047811611,8,512
prefix_minus_random,24576,512,16,kl_full_to_compact,0.17592579868421798,1.5009336785109895,-1.3250078798267715,-1.7799391145399823,-0.9352156540867185,8,512
prefix_minus_random,24576,512,16,top1_changed,0.16015625,0.53515625,-0.375,-0.439453125,-0.3046875,8,512
prefix_minus_random,24576,2048,16,delta_ce,0.11475293175705836,0.7713035004418991,-0.6565505686848407,-1.144072787849305,-0.3696036371953468,8,512
prefix_minus_random,24576,2048,16,kl_full_to_compact,0.10604714678575455,0.8060400413404487,-0.6999928945546942,-1.1671703953203436,-0.4004928318845281,8,512
prefix_minus_random,24576,2048,16,top1_changed,0.125,0.380859375,-0.255859375,-0.3359375,-0.18549804687500027,8,512
prefix_minus_random,24576,8192,16,delta_ce,0.01492741200952219,0.43307616619318434,-0.41814875418366215,-0.760020240576651,-0.2003018101198326,8,512
prefix_minus_random,24576,8192,16,kl_full_to_compact,0.028857319575739532,0.48201301315362866,-0.4531556935778891,-0.7520522954195342,-0.26676422206146705,8,512
prefix_minus_random,24576,8192,16,top1_changed,0.068359375,0.298828125,-0.23046875,-0.28515625,-0.17578125,8,512
prefix_minus_random,32768,128,16,delta_ce,0.2606928470258847,2.0516473375843987,-1.790954490558514,-2.185536331470235,-1.4296345136714452,8,512
prefix_minus_random,32768,128,16,kl_full_to_compact,0.2608927126672955,2.213364242032611,-1.9524715293653157,-2.392052573800055,-1.5503769535480023,8,512
prefix_minus_random,32768,128,16,top1_changed,0.23828125,0.701171875,-0.462890625,-0.533203125,-0.396484375,8,512
prefix_minus_random,32768,512,16,delta_ce,0.080673977870382,1.1121526440916654,-1.0314786662212834,-1.4152040423357675,-0.6960677352928428,8,512
prefix_minus_random,32768,512,16,kl_full_to_compact,0.12462976803421011,1.309702831465188,-1.1850730634309778,-1.5770155991580395,-0.8423615125575851,8,512
prefix_minus_random,32768,512,16,top1_changed,0.166015625,0.521484375,-0.35546875,-0.427734375,-0.287109375,8,512
prefix_minus_random,32768,2048,16,delta_ce,0.017055325283344303,0.6139874053332908,-0.5969320800499465,-0.8820469074296392,-0.35763427310288876,8,512
prefix_minus_random,32768,2048,16,kl_full_to_compact,0.06806310390827985,0.7786034388997702,-0.7105403349914904,-1.0633975506017452,-0.41543192652496985,8,512
prefix_minus_random,32768,2048,16,top1_changed,0.140625,0.36328125,-0.22265625,-0.28515625,-0.166015625,8,512
prefix_minus_random,32768,8192,16,delta_ce,-0.000800606424110839,0.32556806314378095,-0.3263686695678918,-0.5808617330650683,-0.13682704110503613,8,512
prefix_minus_random,32768,8192,16,kl_full_to_compact,0.02768096969076167,0.4525764954527154,-0.4248955257619537,-0.6840612375555044,-0.22112640254121185,8,512
prefix_minus_random,32768,8192,16,top1_changed,0.0859375,0.275390625,-0.189453125,-0.248046875,-0.138671875,8,512
prefix_minus_random,16384,128,64,delta_ce,0.3060926307336782,1.7880468681877169,-1.4819542374540386,-1.9754095639404479,-1.0839479506092482,8,512
prefix_minus_random,16384,128,64,kl_full_to_compact,0.33714179519606446,1.8835982650913863,-1.5464564698953218,-2.052792797618504,-1.161601040041001,8,512
prefix_minus_random,16384,128,64,top1_changed,0.228515625,0.587890625,-0.359375,-0.44921875,-0.2890625,8,512
prefix_minus_random,16384,512,64,delta_ce,0.08645320290352965,0.8845189847837776,-0.7980657818802479,-1.2521138075805984,-0.43378614838064233,8,512
prefix_minus_random,16384,512,64,kl_full_to_compact,0.13758439153698782,1.041674219314194,-0.904089827777206,-1.3505553002818478,-0.5521971585586611,8,512
prefix_minus_random,16384,512,64,top1_changed,0.166015625,0.421875,-0.255859375,-0.328125,-0.18359375,8,512
prefix_minus_random,16384,2048,64,delta_ce,0.03752045253984715,0.48971942351889464,-0.4521989709790475,-0.7429707455837207,-0.2569445672107777,8,512
prefix_minus_random,16384,2048,64,kl_full_to_compact,0.06670875908042893,0.56329468657463,-0.49658592749420105,-0.7857125282607172,-0.29052466925337866,8,512
prefix_minus_random,16384,2048,64,top1_changed,0.10546875,0.29296875,-0.1875,-0.267578125,-0.12109375,8,512
prefix_minus_random,16384,8192,64,delta_ce,0.00037364121459937394,0.33029562755790476,-0.3299219863433054,-0.5747691006475655,-0.1641449748900584,8,512
prefix_minus_random,16384,8192,64,kl_full_to_compact,0.015860803022767045,0.400715637864967,-0.38485483484219996,-0.6229006381624527,-0.21167117496014887,8,512
prefix_minus_random,16384,8192,64,top1_changed,0.0625,0.240234375,-0.177734375,-0.240234375,-0.125,8,512
prefix_minus_random,24576,128,64,delta_ce,0.2902061428555802,1.9432257711234797,-1.6530196282678995,-2.1939707549135656,-1.2344482041991,8,512
prefix_minus_random,24576,128,64,kl_full_to_compact,0.3485991821314274,2.1083462416577277,-1.7597470595263003,-2.2499466172697495,-1.3608741941538975,8,512
prefix_minus_random,24576,128,64,top1_changed,0.232421875,0.59765625,-0.365234375,-0.4375,-0.3046875,8,512
prefix_minus_random,24576,512,64,delta_ce,0.1675064401320574,1.2394918225551805,-1.0719853824231231,-1.5828987084125723,-0.648479522887726,8,512
prefix_minus_random,24576,512,64,kl_full_to_compact,0.1767698531659474,1.4172433406889127,-1.2404734875229653,-1.6980119820497708,-0.8144251454150876,8,512
prefix_minus_random,24576,512,64,top1_changed,0.15234375,0.498046875,-0.345703125,-0.416015625,-0.27534179687500027,8,512
prefix_minus_random,24576,2048,64,delta_ce,0.10359057041705189,0.7820369830535654,-0.6784464126365135,-1.1604977425054028,-0.3981727770371029,8,512
prefix_minus_random,24576,2048,64,kl_full_to_compact,0.10018348862065773,0.8138906573212328,-0.713707168700575,-1.1801509800740875,-0.42594991312004316,8,512
prefix_minus_random,24576,2048,64,top1_changed,0.125,0.38671875,-0.26171875,-0.345751953125,-0.193359375,8,512
prefix_minus_random,24576,8192,64,delta_ce,0.013410595056479568,0.4381643929776269,-0.4247537979211473,-0.7710831278724015,-0.21511006418754738,8,512
prefix_minus_random,24576,8192,64,kl_full_to_compact,0.028475150138467797,0.4854060031134697,-0.4569308529750019,-0.7557855492995168,-0.2793040936697487,8,512
prefix_minus_random,24576,8192,64,top1_changed,0.05859375,0.30078125,-0.2421875,-0.29296875,-0.1875,8,512
prefix_minus_random,32768,128,64,delta_ce,0.3256768938125614,1.9760731221750802,-1.6503962283625189,-2.008468922945111,-1.3665589951431125,8,512
prefix_minus_random,32768,128,64,kl_full_to_compact,0.33715266587235393,2.103493197066996,-1.766340531194642,-2.1496725444783547,-1.4375138218709633,8,512
prefix_minus_random,32768,128,64,top1_changed,0.2578125,0.67578125,-0.41796875,-0.4921875,-0.353515625,8,512
prefix_minus_random,32768,512,64,delta_ce,0.09427083984470608,0.9607283014168502,-0.8664574615721441,-1.1995931592043605,-0.5960885612496725,8,512
prefix_minus_random,32768,512,64,kl_full_to_compact,0.12907917738936647,1.1180852379796278,-0.9890060605902613,-1.3267688197738727,-0.6936398128721306,8,512
prefix_minus_random,32768,512,64,top1_changed,0.173828125,0.48828125,-0.314453125,-0.375,-0.265625,8,512
prefix_minus_random,32768,2048,64,delta_ce,0.01814999031618303,0.5900639590254553,-0.5719139687092722,-0.8576950638232815,-0.3326260664147753,8,512
prefix_minus_random,32768,2048,64,kl_full_to_compact,0.06668617930172238,0.7603165377760592,-0.6936303584743368,-1.050410724159956,-0.3990001251530435,8,512
prefix_minus_random,32768,2048,64,top1_changed,0.1328125,0.3515625,-0.21875,-0.27734375,-0.16796875,8,512
prefix_minus_random,32768,8192,64,delta_ce,-0.002814112102058619,0.3287530920886099,-0.33156720419066854,-0.5775772186690796,-0.1490192053326582,8,512
prefix_minus_random,32768,8192,64,kl_full_to_compact,0.026972597199386827,0.4493848811635288,-0.422412283964142,-0.6719692057998636,-0.22045055941948422,8,512
prefix_minus_random,32768,8192,64,top1_changed,0.087890625,0.28515625,-0.197265625,-0.251953125,-0.150390625,8,512
prefix_minus_strided,16384,128,16,delta_ce,0.30274354430483275,1.9971953142154,-1.6944517699105672,-2.0916710614131313,-1.3183940030853938,8,512
prefix_minus_strided,16384,128,16,kl_full_to_compact,0.3179759462709222,2.0870865152282754,-1.7691105689573532,-2.148688465734505,-1.4269458728094282,8,512
prefix_minus_strided,16384,128,16,top1_changed,0.2265625,0.625,-0.3984375,-0.44921875,-0.349609375,8,512
prefix_minus_strided,16384,512,16,delta_ce,0.08944428552601558,0.8668336007514159,-0.7773893152254003,-1.2304812151943143,-0.42173541436923884,8,512
prefix_minus_strided,16384,512,16,kl_full_to_compact,0.1369412573252406,1.02396423950532,-0.8870229821800792,-1.3414670114821317,-0.5192779833866592,8,512
prefix_minus_strided,16384,512,16,top1_changed,0.1640625,0.4296875,-0.265625,-0.343798828125,-0.1953125,8,512
prefix_minus_strided,16384,2048,16,delta_ce,0.0378457378912862,0.4881021081676886,-0.4502563702764024,-0.7187838058435257,-0.26560021668333533,8,512
prefix_minus_strided,16384,2048,16,kl_full_to_compact,0.06615904914694569,0.5590736753875314,-0.4929146262405857,-0.7653819965501413,-0.2915521971864952,8,512
prefix_minus_strided,16384,2048,16,top1_changed,0.09765625,0.30078125,-0.203125,-0.28515625,-0.13671875,8,512
prefix_minus_strided,16384,8192,16,delta_ce,0.0022702708024415763,0.33347895921316617,-0.3312086884107246,-0.5708140929340706,-0.15933817198522604,8,512
prefix_minus_strided,16384,8192,16,kl_full_to_compact,0.016108761994479304,0.40319729861372844,-0.38708853661924914,-0.625166622387824,-0.2109474313809119,8,512
prefix_minus_strided,16384,8192,16,top1_changed,0.0703125,0.23828125,-0.16796875,-0.2421875,-0.103515625,8,512
prefix_minus_strided,24576,128,16,delta_ce,0.26776797605541347,1.9559831648668933,-1.6882151888114798,-2.0586929133892222,-1.3115899511053317,8,512
prefix_minus_strided,24576,128,16,kl_full_to_compact,0.29792243869825086,2.118504843218716,-1.820582404520465,-2.2107142986193997,-1.4122323611031675,8,512
prefix_minus_strided,24576,128,16,top1_changed,0.203125,0.615234375,-0.412109375,-0.46484375,-0.357421875,8,512
prefix_minus_strided,24576,512,16,delta_ce,0.17046019862955752,1.3168836843908593,-1.1464234857613018,-1.6571752371597432,-0.7158419853345453,8,512
prefix_minus_strided,24576,512,16,kl_full_to_compact,0.17592579868421798,1.5024691097142409,-1.3265433110300229,-1.776087261960659,-0.920754516812658,8,512
prefix_minus_strided,24576,512,16,top1_changed,0.16015625,0.544921875,-0.384765625,-0.4609375,-0.306640625,8,512
prefix_minus_strided,24576,2048,16,delta_ce,0.11475293175705836,0.7649986745496058,-0.6502457427925474,-1.1411172944870298,-0.3602294751958603,8,512
prefix_minus_strided,24576,2048,16,kl_full_to_compact,0.10604714678575455,0.8031958397958281,-0.6971486930100735,-1.1688334719721614,-0.4009387025739589,8,512
prefix_minus_strided,24576,2048,16,top1_changed,0.125,0.3671875,-0.2421875,-0.33203125,-0.1640625,8,512
prefix_minus_strided,24576,8192,16,delta_ce,0.01492741200952219,0.433717646677235,-0.4187902346677128,-0.7617580879948785,-0.1997235703463242,8,512
prefix_minus_strided,24576,8192,16,kl_full_to_compact,0.028857319575739532,0.48240196425974124,-0.4535446446840017,-0.7552973709494176,-0.26572659445466407,8,512
prefix_minus_strided,24576,8192,16,top1_changed,0.068359375,0.298828125,-0.23046875,-0.283203125,-0.177734375,8,512
prefix_minus_strided,32768,128,16,delta_ce,0.2606928470258847,1.826223914209038,-1.5655310671831533,-1.974748539822654,-1.2271662165212476,8,512
prefix_minus_strided,32768,128,16,kl_full_to_compact,0.2608927126672955,1.9304546061589747,-1.6695618934916792,-2.0943756917388203,-1.3017898517665358,8,512
prefix_minus_strided,32768,128,16,top1_changed,0.23828125,0.630859375,-0.392578125,-0.482421875,-0.310546875,8,512
prefix_minus_strided,32768,512,16,delta_ce,0.080673977870382,1.121727021107347,-1.041053043236965,-1.3680780826532994,-0.7462608881768793,8,512
prefix_minus_strided,32768,512,16,kl_full_to_compact,0.12462976803421011,1.3280953027398823,-1.2034655347056722,-1.5704798519381213,-0.8609700175437638,8,512
prefix_minus_strided,32768,512,16,top1_changed,0.166015625,0.53125,-0.365234375,-0.421875,-0.306640625,8,512
prefix_minus_strided,32768,2048,16,delta_ce,0.017055325283344303,0.6485200035497227,-0.6314646782663784,-0.9634017975956561,-0.35840713941672125,8,512
prefix_minus_strided,32768,2048,16,kl_full_to_compact,0.06806310390827985,0.8013270339243399,-0.73326393001606,-1.12859188592329,-0.40639846041249394,8,512
prefix_minus_strided,32768,2048,16,top1_changed,0.140625,0.365234375,-0.224609375,-0.28125,-0.173828125,8,512
prefix_minus_strided,32768,8192,16,delta_ce,-0.000800606424110839,0.3290114671804103,-0.32981207360452114,-0.5801759169403111,-0.1430292908819695,8,512
prefix_minus_strided,32768,8192,16,kl_full_to_compact,0.02768096969076167,0.4539516390803069,-0.4262706693895452,-0.6847098251548858,-0.22341365163589666,8,512
prefix_minus_strided,32768,8192,16,top1_changed,0.0859375,0.28125,-0.1953125,-0.251953125,-0.146484375,8,512
prefix_minus_strided,16384,128,64,delta_ce,0.3060926307336782,1.9691780867103534,-1.6630854559766752,-2.121546975180801,-1.3182022288586999,8,512
prefix_minus_strided,16384,128,64,kl_full_to_compact,0.33714179519606446,2.0327876665180895,-1.695645871322025,-2.2057755964914456,-1.283031960379182,8,512
prefix_minus_strided,16384,128,64,top1_changed,0.228515625,0.60546875,-0.376953125,-0.451171875,-0.3125,8,512
prefix_minus_strided,16384,512,64,delta_ce,0.08645320290352965,0.9180454036242156,-0.831592200720686,-1.2906976379405808,-0.4728938362095856,8,512
prefix_minus_strided,16384,512,64,kl_full_to_compact,0.13758439153698782,1.0670101986801157,-0.9294258071431278,-1.3891233958475893,-0.5639243862682718,8,512
prefix_minus_strided,16384,512,64,top1_changed,0.166015625,0.44140625,-0.275390625,-0.345703125,-0.205078125,8,512
prefix_minus_strided,16384,2048,64,delta_ce,0.03752045253984715,0.49185177972738714,-0.45433132718754,-0.7451696987769365,-0.2573737466355808,8,512
prefix_minus_strided,16384,2048,64,kl_full_to_compact,0.06670875908042893,0.5641586058227102,-0.4974498467422812,-0.7890298833137593,-0.2887562827777206,8,512
prefix_minus_strided,16384,2048,64,top1_changed,0.10546875,0.294921875,-0.189453125,-0.26953125,-0.12109375,8,512
prefix_minus_strided,16384,8192,64,delta_ce,0.00037364121459937394,0.3330733954474585,-0.33269975423285914,-0.5769894996503533,-0.16689937740245944,8,512
prefix_minus_strided,16384,8192,64,kl_full_to_compact,0.015860803022767045,0.4009142355025128,-0.38505343247974577,-0.6230627718356859,-0.21137914642911731,8,512
prefix_minus_strided,16384,8192,64,top1_changed,0.0625,0.23828125,-0.17578125,-0.240234375,-0.12109375,8,512
prefix_minus_strided,24576,128,64,delta_ce,0.2902061428555802,1.9055474128974765,-1.6153412700418963,-2.111156525573045,-1.2148405200501353,8,512
prefix_minus_strided,24576,128,64,kl_full_to_compact,0.3485991821314274,2.1073393125886923,-1.758740130457265,-2.203487873008052,-1.3561498870837794,8,512
prefix_minus_strided,24576,128,64,top1_changed,0.232421875,0.611328125,-0.37890625,-0.4375,-0.330078125,8,512
prefix_minus_strided,24576,512,64,delta_ce,0.1675064401320574,1.2424365943176099,-1.0749301541855525,-1.571858151898119,-0.650509558019205,8,512
prefix_minus_strided,24576,512,64,kl_full_to_compact,0.1767698531659474,1.4222076821595806,-1.2454378289936332,-1.6817225755785168,-0.8438107774716315,8,512
prefix_minus_strided,24576,512,64,top1_changed,0.15234375,0.513671875,-0.361328125,-0.4296875,-0.28515625,8,512
prefix_minus_strided,24576,2048,64,delta_ce,0.10359057041705189,0.7697216583042099,-0.666131087887158,-1.1487490456408698,-0.3847757201945234,8,512
prefix_minus_strided,24576,2048,64,kl_full_to_compact,0.10018348862065773,0.8089058313239477,-0.7087223427032899,-1.1768066894181972,-0.42626493364920603,8,512
prefix_minus_strided,24576,2048,64,top1_changed,0.125,0.3828125,-0.2578125,-0.33984375,-0.19140625,8,512
prefix_minus_strided,24576,8192,64,delta_ce,0.013410595056479568,0.4285038055196546,-0.41509321046317504,-0.762000036039215,-0.2053808815096531,8,512
prefix_minus_strided,24576,8192,64,kl_full_to_compact,0.028475150138467797,0.4802957437045885,-0.4518205935661207,-0.7505190800116048,-0.273489193282544,8,512
prefix_minus_strided,24576,8192,64,top1_changed,0.05859375,0.291015625,-0.232421875,-0.275390625,-0.181640625,8,512
prefix_minus_strided,32768,128,64,delta_ce,0.3256768938125614,1.8904077042036533,-1.564730810391092,-1.979044840226327,-1.2796127189489512,8,512
prefix_minus_strided,32768,128,64,kl_full_to_compact,0.33715266587235393,2.033445555424578,-1.696292889552224,-2.114508819636348,-1.382538136603184,8,512
prefix_minus_strided,32768,128,64,top1_changed,0.2578125,0.64453125,-0.38671875,-0.484375,-0.302734375,8,512
prefix_minus_strided,32768,512,64,delta_ce,0.09427083984470608,1.023390606570544,-0.929119766725838,-1.2343131303414803,-0.6270136141378768,8,512
prefix_minus_strided,32768,512,64,kl_full_to_compact,0.12907917738936647,1.1876121186848678,-1.0585329412955014,-1.3710807708008819,-0.7362189571204049,8,512
prefix_minus_strided,32768,512,64,top1_changed,0.173828125,0.5078125,-0.333984375,-0.392626953125,-0.265625,8,512
prefix_minus_strided,32768,2048,64,delta_ce,0.01814999031618303,0.5515140872613542,-0.5333640969451712,-0.8035777604438017,-0.3351113896703886,8,512
prefix_minus_strided,32768,2048,64,kl_full_to_compact,0.06668617930172238,0.7144433942052446,-0.6477572149035222,-0.9399218311344675,-0.39620157540564704,8,512
prefix_minus_strided,32768,2048,64,top1_changed,0.1328125,0.353515625,-0.220703125,-0.283203125,-0.1640625,8,512
prefix_minus_strided,32768,8192,64,delta_ce,-0.002814112102058619,0.3304879851110658,-0.3333020972131244,-0.5826532944082952,-0.14608927924407392,8,512
prefix_minus_strided,32768,8192,64,kl_full_to_compact,0.026972597199386827,0.45417111377934694,-0.4271985165799601,-0.6773738351804074,-0.22253914395457844,8,512
prefix_minus_strided,32768,8192,64,top1_changed,0.087890625,0.279296875,-0.19140625,-0.248046875,-0.142578125,8,512
zero_value_minus_prefix,16384,128,4,delta_ce,1.1942172445285735,0.281500575841485,0.9127166686870885,0.5990997983454704,1.3091832926339544,8,512
zero_value_minus_prefix,16384,128,4,kl_full_to_compact,1.0713124694514349,0.3056035712480061,0.7657088982034288,0.41144699437911747,1.2172488777461405,8,512
zero_value_minus_prefix,16384,128,4,top1_changed,0.396484375,0.21875,0.177734375,0.093701171875,0.28129882812499973,8,512
zero_value_minus_prefix,16384,512,4,delta_ce,0.9082077051095041,0.0821156972404693,0.8260920078690348,0.4833646792544085,1.2735540246603865,8,512
zero_value_minus_prefix,16384,512,4,kl_full_to_compact,0.8158801915956673,0.12893245288438882,0.6869477387112785,0.29493612330011576,1.20646077527614,8,512
zero_value_minus_prefix,16384,512,4,top1_changed,0.373046875,0.166015625,0.20703125,0.109375,0.326171875,8,512
zero_value_minus_prefix,16384,2048,4,delta_ce,0.6870004125412912,0.02999618034965179,0.6570042321916394,0.32708095289105743,1.077887607502527,8,512
zero_value_minus_prefix,16384,2048,4,kl_full_to_compact,0.6169302494286146,0.056316201473577125,0.5606140479550374,0.20230894003631233,1.0256084648061872,8,512
zero_value_minus_prefix,16384,2048,4,top1_changed,0.2890625,0.099609375,0.189453125,0.103515625,0.294921875,8,512
zero_value_minus_prefix,16384,8192,4,delta_ce,0.46868895126674026,0.001419446836234517,0.46726950443050574,0.23463063772354426,0.7624706849025653,8,512
zero_value_minus_prefix,16384,8192,4,kl_full_to_compact,0.41552763222877687,0.016116997497973937,0.39941063473080296,0.1402818631319262,0.7271258677556023,8,512
zero_value_minus_prefix,16384,8192,4,top1_changed,0.224609375,0.06640625,0.158203125,0.103515625,0.22265625,8,512
zero_value_minus_prefix,24576,128,4,delta_ce,1.016919853343552,0.22499852457479008,0.7919213287687619,0.5469746360018445,1.0998831469255232,8,512
zero_value_minus_prefix,24576,128,4,kl_full_to_compact,0.9600546461615522,0.28539681437163633,0.6746578317899159,0.4097328656954107,1.024449299802626,8,512
zero_value_minus_prefix,24576,128,4,top1_changed,0.39453125,0.19921875,0.1953125,0.138671875,0.2578125,8,512
zero_value_minus_prefix,24576,512,4,delta_ce,0.8915936692774835,0.1734273235535575,0.718166345723926,0.49172584858279744,1.0134848466314281,8,512
zero_value_minus_prefix,24576,512,4,kl_full_to_compact,0.7826882875733645,0.17412722207083153,0.608561065502533,0.34815044404177214,0.9459077703303165,8,512
zero_value_minus_prefix,24576,512,4,top1_changed,0.333984375,0.162109375,0.171875,0.103466796875,0.244140625,8,512
zero_value_minus_prefix,24576,2048,4,delta_ce,0.7181971040750454,0.11568853848319716,0.6025085655918483,0.3782589109491191,0.8773803674805232,8,512
zero_value_minus_prefix,24576,2048,4,kl_full_to_compact,0.6350951722026821,0.10565389279612286,0.5294412794065593,0.2751009951820222,0.8446884471649077,8,512
zero_value_minus_prefix,24576,2048,4,top1_changed,0.291015625,0.123046875,0.16796875,0.109375,0.236328125,8,512
zero_value_minus_prefix,24576,8192,4,delta_ce,0.44892046531573726,0.01396999736127924,0.434950467954458,0.2576277120666338,0.669225397994418,8,512
zero_value_minus_prefix,24576,8192,4,kl_full_to_compact,0.4136703966715345,0.028621433991338346,0.38504896268019617,0.1804532733736958,0.6462186211238097,8,512
zero_value_minus_prefix,24576,8192,4,top1_changed,0.208984375,0.0625,0.146484375,0.109375,0.18359375,8,512
zero_value_minus_prefix,32768,128,4,delta_ce,0.9934432200439005,0.25628262295894366,0.7371605970849568,0.5764041775937769,0.999255542174912,8,512
zero_value_minus_prefix,32768,128,4,kl_full_to_compact,0.8314436703058163,0.25162544849357893,0.5798182218122374,0.39304780437104603,0.8968708281872554,8,512
zero_value_minus_prefix,32768,128,4,top1_changed,0.396484375,0.23828125,0.158203125,0.099609375,0.224609375,8,512
zero_value_minus_prefix,32768,512,4,delta_ce,0.6907809972175869,0.07623103632210881,0.6145499608954781,0.4462634173177161,0.8726983417546885,8,512
zero_value_minus_prefix,32768,512,4,kl_full_to_compact,0.5758261929887567,0.12336380019757498,0.4524623927911817,0.28182594226706126,0.7548442071361616,8,512
zero_value_minus_prefix,32768,512,4,top1_changed,0.3046875,0.17578125,0.12890625,0.068359375,0.1953125,8,512
zero_value_minus_prefix,32768,2048,4,delta_ce,0.48807752632461643,0.017350713447319865,0.47072681287729656,0.3353053850784541,0.6893663170223487,8,512
zero_value_minus_prefix,32768,2048,4,kl_full_to_compact,0.41877241548121447,0.06739713126687197,0.3513752842143425,0.19387857554066962,0.6186099006579885,8,512
zero_value_minus_prefix,32768,2048,4,top1_changed,0.267578125,0.130859375,0.13671875,0.087890625,0.19921875,8,512
zero_value_minus_prefix,32768,8192,4,delta_ce,0.33738051035960837,-0.003842087446808584,0.34122259780641695,0.2329577769226397,0.512583154954404,8,512
zero_value_minus_prefix,32768,8192,4,kl_full_to_compact,0.2919620210189464,0.027156720547575813,0.26480530047137063,0.13216940317366022,0.4785925562468708,8,512
zero_value_minus_prefix,32768,8192,4,top1_changed,0.19140625,0.080078125,0.111328125,0.06640625,0.16411132812499973,8,512
zero_value_minus_prefix,16384,128,16,delta_ce,1.1965739778742233,0.30274354430483275,0.8938304335693905,0.5862469169735398,1.2717966208359115,8,512
zero_value_minus_prefix,16384,128,16,kl_full_to_compact,1.0755776661333343,0.3179759462709222,0.7576017198624121,0.4045998204173852,1.1905555970617354,8,512
zero_value_minus_prefix,16384,128,16,top1_changed,0.408203125,0.2265625,0.181640625,0.10546875,0.26953125,8,512
zero_value_minus_prefix,16384,512,16,delta_ce,0.9265743052428164,0.08944428552601558,0.8371300197168008,0.4873937153770164,1.2947780342323303,8,512
zero_value_minus_prefix,16384,512,16,kl_full_to_compact,0.8326830830192833,0.1369412573252406,0.6957418256940426,0.298431662666413,1.2180393137953616,8,512
zero_value_minus_prefix,16384,512,16,top1_changed,0.373046875,0.1640625,0.208984375,0.11328125,0.32036132812499973,8,512
zero_value_minus_prefix,16384,2048,16,delta_ce,0.6987935787568986,0.0378457378912862,0.6609478408656124,0.32707596293412067,1.087069081884397,8,512
zero_value_minus_prefix,16384,2048,16,kl_full_to_compact,0.6277250118833155,0.06615904914694569,0.5615659627363698,0.19702966911840933,1.036213373619774,8,512
zero_value_minus_prefix,16384,2048,16,top1_changed,0.296875,0.09765625,0.19921875,0.111328125,0.30078125,8,512
zero_value_minus_prefix,16384,8192,16,delta_ce,0.4603886096742027,0.0022702708024415763,0.4581183388717611,0.22727289179900212,0.7489677810172601,8,512
zero_value_minus_prefix,16384,8192,16,kl_full_to_compact,0.4086875305378257,0.016108761994479304,0.3925787685433464,0.1339502710706073,0.7188316411555139,8,512
zero_value_minus_prefix,16384,8192,16,top1_changed,0.216796875,0.0703125,0.146484375,0.095703125,0.208984375,8,512
zero_value_minus_prefix,24576,128,16,delta_ce,1.0829648696069398,0.26776797605541347,0.8151968935515264,0.5475606051568083,1.1511790520963086,8,512
zero_value_minus_prefix,24576,128,16,kl_full_to_compact,1.0135015966216088,0.29792243869825086,0.7155791579233579,0.4265628004822073,1.1006557368096679,8,512
zero_value_minus_prefix,24576,128,16,top1_changed,0.384765625,0.203125,0.181640625,0.111328125,0.259765625,8,512
zero_value_minus_prefix,24576,512,16,delta_ce,0.8942577788091626,0.17046019862955752,0.723797580179605,0.4924892371606546,1.034060973647283,8,512
zero_value_minus_prefix,24576,512,16,kl_full_to_compact,0.7894920088110666,0.17592579868421798,0.6135662101268486,0.3444975376287971,0.9660898313740709,8,512
zero_value_minus_prefix,24576,512,16,top1_changed,0.33203125,0.16015625,0.171875,0.10546875,0.24223632812499973,8,512
zero_value_minus_prefix,24576,2048,16,delta_ce,0.7239514303463181,0.11475293175705836,0.6091984985892598,0.3895040081125387,0.9001060191275574,8,512
zero_value_minus_prefix,24576,2048,16,kl_full_to_compact,0.6368008126125346,0.10604714678575455,0.5307536658267801,0.2780321036364633,0.86150440056391,8,512
zero_value_minus_prefix,24576,2048,16,top1_changed,0.28125,0.125,0.15625,0.091796875,0.23046875,8,512
zero_value_minus_prefix,24576,8192,16,delta_ce,0.4478111017356099,0.01492741200952219,0.4328836897260877,0.2543108780443964,0.6712303509708643,8,512
zero_value_minus_prefix,24576,8192,16,kl_full_to_compact,0.4126194297073482,0.028857319575739532,0.38376211013160866,0.1817173128176354,0.6538386813737462,8,512
zero_value_minus_prefix,24576,8192,16,top1_changed,0.208984375,0.068359375,0.140625,0.107421875,0.17578125,8,512
zero_value_minus_prefix,32768,128,16,delta_ce,1.0264944424923215,0.2606928470258847,0.7658015954664368,0.6204407558824648,1.0191269961840679,8,512
zero_value_minus_prefix,32768,128,16,kl_full_to_compact,0.876870481323806,0.2608927126672955,0.6159777686565104,0.4296710436106791,0.9281147398047169,8,512
zero_value_minus_prefix,32768,128,16,top1_changed,0.404296875,0.23828125,0.166015625,0.10546875,0.234375,8,512
zero_value_minus_prefix,32768,512,16,delta_ce,0.700158094773542,0.080673977870382,0.61948411690316,0.4504577965664872,0.878402159553539,8,512
zero_value_minus_prefix,32768,512,16,kl_full_to_compact,0.5830115630275259,0.12462976803421011,0.45838179499331577,0.2896454546264948,0.756293805645822,8,512
zero_value_minus_prefix,32768,512,16,top1_changed,0.31640625,0.166015625,0.150390625,0.08984375,0.22265625,8,512
zero_value_minus_prefix,32768,2048,16,delta_ce,0.48638171885642123,0.017055325283344303,0.4693263935730769,0.33556589386364094,0.6901643925129435,8,512
zero_value_minus_prefix,32768,2048,16,kl_full_to_compact,0.4184948170949667,0.06806310390827985,0.35043171318668687,0.1934945005216794,0.6133001014120992,8,512
zero_value_minus_prefix,32768,2048,16,top1_changed,0.27734375,0.140625,0.13671875,0.091796875,0.197265625,8,512
zero_value_minus_prefix,32768,8192,16,delta_ce,0.3371120212375587,-0.000800606424110839,0.3379126276616695,0.2250691762628918,0.5148503293260798,8,512
zero_value_minus_prefix,32768,8192,16,kl_full_to_compact,0.29288050421757816,0.02768096969076167,0.2651995345268165,0.131694033780664,0.4818715409778529,8,512
zero_value_minus_prefix,32768,8192,16,top1_changed,0.201171875,0.0859375,0.115234375,0.072265625,0.169921875,8,512
